date,recording,line,start,end,duration_minutes,category,description,normalization
2025-10-14,trial-pair01,3,2300,2305,5,R,ready,
2025-10-14,trial-pair01,4,2245,2300,15,P,school,
2025-10-14,trial-pair01,5,2240,2245,5,F,read,
2025-10-14,trial-pair01,6,2230,2240,10,R,ready,
2025-10-14,trial-pair01,7,2225,2230,5,R,shower,
2025-10-14,trial-pair01,8,2220,2225,5,W,workout,
2025-10-14,trial-pair01,9,2215,2220,5,R,clean,
2025-10-14,trial-pair01,10,2210,2215,5,R,ready,
2025-10-14,trial-pair01,11,2145,2210,25,E,eat,
2025-10-14,trial-pair01,12,2135,2145,10,R,drive,
2025-10-14,trial-pair01,13,2125,2135,10,R,walk,
2025-10-14,trial-pair01,14,2045,2125,40,GOD,ignite,
2025-10-14,trial-pair01,15,2035,2045,10,R,walk,
2025-10-14,trial-pair01,16,2030,2035,5,P,notes,
2025-10-14,trial-pair01,17,2020,2030,10,P,school,
2025-10-14,trial-pair01,18,2000,2020,20,S,CAIR,
2025-10-14,trial-pair01,19,1945,2000,15,P,hw ITCS 5122,
2025-10-14,trial-pair01,20,1935,1945,10,P,school,
2025-10-14,trial-pair01,21,1930,1935,5,R,br,
2025-10-14,trial-pair01,22,1925,1930,5,S,CAIR,
2025-10-14,trial-pair01,23,1920,1925,5,P,hw ITCS 5122,
2025-10-14,trial-pair01,24,1915,1920,5,P,notes,
2025-10-14,trial-pair01,25,1855,1915,20,R,poop,
2025-10-14,trial-pair01,26,1845,1855,10,R,clean,
2025-10-14,trial-pair01,27,1820,1845,25,S,CAIR,
2025-10-14,trial-pair01,28,1800,1820,20,R,walk,
2025-10-14,trial-pair01,29,1755,1800,5,P,notes,
2025-10-14,trial-pair01,30,1735,1755,20,P,research,
2025-10-14,trial-pair01,31,1730,1735,5,F,nap,
2025-10-14,trial-pair01,32,1725,1730,5,R,walk,
2025-10-14,trial-pair01,33,1655,1725,30,P,research,
2025-10-14,trial-pair01,34,1650,1655,5,S,comm,
2025-10-14,trial-pair01,35,1630,1650,20,R,walk,
2025-10-14,trial-pair01,36,1620,1630,10,E,eat,
2025-10-14,trial-pair01,37,1550,1620,30,S,CAIR,
2025-10-14,trial-pair01,38,1535,1550,15,R,walk,
2025-10-14,trial-pair01,39,1515,1535,20,E,eat,
2025-10-14,trial-pair01,40,1500,1515,15,GOD,ministry,
2025-10-14,trial-pair01,41,1405,1500,55,S,UHP,
2025-10-14,trial-pair01,42,1355,1405,10,R,walk,
2025-10-14,trial-pair01,43,1350,1355,5,R,br,
2025-10-14,trial-pair01,44,1340,1350,10,R,poop,
2025-10-14,trial-pair01,45,1320,1340,20,P,research,
2025-10-14,trial-pair01,46,1315,1320,5,F,CAIR,
2025-10-14,trial-pair01,47,1310,1315,5,S,CAIR,
2025-10-14,trial-pair01,48,1250,1310,20,P,school,
2025-10-14,trial-pair01,49,1210,1250,40,P,research,
2025-10-14,trial-pair01,50,1145,1210,25,S,brian,
2025-10-14,trial-pair01,51,1140,1145,5,S,kento,
2025-10-14,trial-pair01,52,1130,1140,10,P,notes,
2025-10-14,trial-pair01,53,1110,1130,20,R,poop,
2025-10-14,trial-pair01,54,1100,1110,10,P,research,
2025-10-14,trial-pair01,55,1055,1100,5,P,school,
2025-10-14,trial-pair01,56,1045,1055,10,S,comm,
2025-10-14,trial-pair01,57,0955,1045,50,P,research,
2025-10-14,trial-pair01,58,0950,0955,5,F,nap,
2025-10-14,trial-pair01,59,0940,0950,10,S,CAIR,
2025-10-14,trial-pair01,60,0925,0940,15,P,research,
2025-10-14,trial-pair01,61,0910,0925,15,F,nap,
2025-10-14,trial-pair01,62,0905,0910,5,P,research,
2025-10-14,trial-pair01,63,0900,0905,5,E,eat,
2025-10-14,trial-pair01,64,0855,0900,5,F,music,
2025-10-14,trial-pair01,65,0850,0855,5,S,kento,
2025-10-14,trial-pair01,66,0845,0850,5,P,research,
2025-10-14,trial-pair01,67,0840,0845,5,R,clean,
2025-10-14,trial-pair01,68,0835,0840,5,F,music,
2025-10-14,trial-pair01,69,0825,0835,10,P,research,
2025-10-14,trial-pair01,70,0820,0825,5,S,comm,
2025-10-14,trial-pair01,71,0815,0820,5,R,br,
2025-10-14,trial-pair01,72,0800,0815,15,R,walk,
2025-10-14,trial-pair01,73,0730,0800,30,R,drive,
2025-10-14,trial-pair01,74,0720,0730,10,F,va,
2025-10-14,trial-pair01,75,0650,0720,30,R,drive,
2025-10-14,trial-pair01,76,0640,0650,10,R,walk,
2025-10-14,trial-pair01,77,0600,0640,40,P,research,
2025-10-14,trial-pair01,78,0555,0600,5,F,think,
2025-10-14,trial-pair01,79,0550,0555,5,F,dawdle,
2025-10-14,trial-pair01,80,0540,0550,10,F,language,
2025-10-14,trial-pair01,81,0530,0540,10,P,research,
2025-10-14,trial-pair01,82,0525,0530,5,F,article,
2025-10-14,trial-pair01,83,0520,0525,5,E,eat,
2025-10-14,trial-pair01,84,0510,0520,10,F,think,
2025-10-14,trial-pair01,85,0505,0510,5,P,notes,
2025-10-14,trial-pair01,86,0500,0505,5,R,br,
2025-10-13,trial-pair01,90,0110,0115,5,R,br,
2025-10-13,trial-pair01,91,0100,0110,10,P,research,
2025-10-13,trial-pair01,92,0055,0100,5,F,dawdle,
2025-10-13,trial-pair01,93,0050,0055,5,R,ready,
2025-10-13,trial-pair01,94,0040,0050,10,P,research,
2025-10-13,trial-pair01,95,0030,0040,10,P,school,
2025-10-13,trial-pair01,96,0020,0030,10,P,notes,
2025-10-13,trial-pair01,97,0015,0020,5,F,dawdle,
2025-10-13,trial-pair01,98,0010,0015,5,P,notes,
2025-10-13,trial-pair01,99,0005,0010,5,F,amazon,
2025-10-13,trial-pair01,100,2350,0005,15,F,yt,
2025-10-13,trial-pair01,101,2325,2350,25,P,research,
2025-10-13,trial-pair01,102,2320,2325,5,P,notes,
2025-10-13,trial-pair01,103,2315,2320,5,F,amazon,
2025-10-13,trial-pair01,104,2310,2315,5,E,eat,
2025-10-13,trial-pair01,105,2305,2310,5,F,va,
2025-10-13,trial-pair01,106,2300,2305,5,F,think,
2025-10-13,trial-pair01,107,2255,2300,5,R,ready,
2025-10-13,trial-pair01,108,2245,2255,10,F,va,
2025-10-13,trial-pair01,109,2240,2245,5,W,workout,
2025-10-13,trial-pair01,110,2220,2240,20,F,aliexpress,
2025-10-13,trial-pair01,111,2210,2220,10,F,article,
2025-10-13,trial-pair01,112,2200,2210,10,R,shop,
2025-10-13,trial-pair01,113,2100,2200,60,F,aliexpress,
2025-10-13,trial-pair01,114,2020,2100,40,F,locks,
2025-10-13,trial-pair01,115,2015,2020,5,P,notes,
2025-10-13,trial-pair01,116,2005,2015,10,F,va,
2025-10-13,trial-pair01,117,2000,2005,5,P,school,
2025-10-13,trial-pair01,118,1950,2000,10,P,research,
2025-10-13,trial-pair01,119,1945,1950,5,P,notes,
2025-10-13,trial-pair01,120,1930,1945,15,E,eat,
2025-10-13,trial-pair01,121,1905,1930,25,F,explore,
2025-10-13,trial-pair01,122,1855,1905,10,R,walk,
2025-10-13,trial-pair01,123,1850,1855,5,S,comm,
2025-10-13,trial-pair01,124,1740,1850,70,P,ITCS 5010,
2025-10-13,trial-pair01,125,1730,1740,10,F,nap,
2025-10-13,trial-pair01,126,1720,1730,10,R,walk,
2025-10-13,trial-pair01,127,1700,1720,20,F,va,
2025-10-13,trial-pair01,128,1655,1700,5,S,comm,
2025-10-13,trial-pair01,129,1645,1655,10,P,school,
2025-10-13,trial-pair01,130,1640,1645,5,F,article,
2025-10-13,trial-pair01,131,1630,1640,10,P,notes,
2025-10-13,trial-pair01,132,1625,1630,5,S,comm,
2025-10-13,trial-pair01,133,1615,1625,10,R,walk,
2025-10-13,trial-pair01,134,1610,1615,5,S,comm,
2025-10-13,trial-pair01,135,1605,1610,5,P,notes,
2025-10-13,trial-pair01,136,1535,1605,30,R,poop,
2025-10-13,trial-pair01,137,1525,1535,10,R,walk,
2025-10-13,trial-pair01,138,1510,1525,15,R,drive,
2025-10-13,trial-pair01,139,1505,1510,5,S,walker,
2025-10-13,trial-pair01,140,1450,1505,15,R,drive,
2025-10-13,trial-pair01,141,1435,1450,15,R,walk,
2025-10-13,trial-pair01,142,1430,1435,5,R,br,
2025-10-13,trial-pair01,143,1410,1430,20,E,eat,
2025-10-13,trial-pair01,144,1400,1410,10,R,walk,
2025-10-13,trial-pair01,145,1350,1400,10,GOD,ministry,
2025-10-13,trial-pair01,146,1210,1350,100,S,CAIR,
2025-10-13,trial-pair01,147,1205,1210,5,R,walk,
2025-10-13,trial-pair01,148,1115,1205,50,P,ITCS 5122,
2025-10-13,trial-pair01,149,1110,1115,5,S,walker,
2025-10-13,trial-pair01,150,1055,1110,15,R,walk,
2025-10-13,trial-pair01,151,1015,1055,40,R,drive,
2025-10-13,trial-pair01,152,1005,1015,10,R,walk,
2025-10-13,trial-pair01,153,0950,1005,15,R,poop,
2025-10-13,trial-pair01,154,0945,0950,5,F,dawdle,
2025-10-13,trial-pair01,155,0935,0945,10,R,walk,
2025-10-13,trial-pair01,156,0835,0935,60,P,school,
2025-10-13,trial-pair01,157,0820,0835,15,R,walk,
2025-10-13,trial-pair01,158,0805,0820,15,R,drive,
2025-10-13,trial-pair01,159,0800,0805,5,R,ready,
2025-10-13,trial-pair01,160,0750,0800,10,E,eat,
2025-10-13,trial-pair01,161,0735,0750,15,R,ready,
2025-10-13,trial-pair01,162,0730,0735,5,F,think,
2025-10-13,trial-pair01,163,0725,0730,5,R,br,
2025-10-12,trial-pair01,167,2350,0020,30,P,school,
2025-10-12,trial-pair01,168,2335,2350,15,P,hw ITCS 5122,
2025-10-12,trial-pair01,169,2330,2335,5,P,notes,
2025-10-12,trial-pair01,170,2320,2330,10,R,ready,
2025-10-12,trial-pair01,171,2315,2320,5,S,comm,
2025-10-12,trial-pair01,172,2245,2315,30,E,eat,
2025-10-12,trial-pair01,173,2235,2245,10,R,drive,
2025-10-12,trial-pair01,174,2230,2235,5,R,walk,
2025-10-12,trial-pair01,175,2105,2230,85,S,ignite,
2025-10-12,trial-pair01,176,1830,2105,155,GOD,ignite,
2025-10-12,trial-pair01,177,1825,1830,5,R,walk,
2025-10-12,trial-pair01,178,1820,1825,5,E,eat,
2025-10-12,trial-pair01,179,1705,1820,75,P,hw ITCS 5122,
2025-10-12,trial-pair01,180,1700,1705,5,F,music,
2025-10-12,trial-pair01,181,1635,1700,25,E,eat,
2025-10-12,trial-pair01,182,1630,1635,5,P,notes,
2025-10-12,trial-pair01,183,1625,1630,5,R,walk,
2025-10-12,trial-pair01,184,1615,1625,10,R,shower,
2025-10-12,trial-pair01,185,1610,1615,5,S,eli,
2025-10-12,trial-pair01,186,1515,1610,55,W,workout,
2025-10-12,trial-pair01,187,1445,1515,30,R,poop,
2025-10-12,trial-pair01,188,1440,1445,5,R,ready,
2025-10-12,trial-pair01,189,1435,1440,5,R,walk,
2025-10-12,trial-pair01,190,1430,1435,5,F,think,
2025-10-12,trial-pair01,191,1355,1430,35,F,nap,
2025-10-12,trial-pair01,192,1345,1355,10,P,notes,
2025-10-12,trial-pair01,193,1340,1345,5,R,br,
2025-10-12,trial-pair01,194,1335,1340,5,R,walk,
2025-10-12,trial-pair01,195,1325,1335,10,R,drive,
2025-10-12,trial-pair01,196,1320,1325,5,R,walk,
2025-10-12,trial-pair01,197,1130,1320,110,GOD,church,
2025-10-12,trial-pair01,198,1115,1130,15,R,drive,
2025-10-12,trial-pair01,199,1105,1115,10,R,ready,
2025-10-12,trial-pair01,200,1055,1105,10,P,business,
2025-10-12,trial-pair01,201,1045,1055,10,F,music,
2025-10-12,trial-pair01,202,1040,1045,5,P,notes,
2025-10-12,trial-pair01,203,1035,1040,5,W,workout,
2025-10-12,trial-pair01,204,1015,1035,20,R,ready,
2025-10-12,trial-pair01,205,0945,1015,30,E,eat,
2025-10-12,trial-pair01,206,0925,0945,20,F,yt,
2025-10-12,trial-pair01,207,0905,0925,20,R,poop,
2025-10-12,trial-pair01,208,0900,0905,5,R,ready,
2025-10-12,trial-pair01,209,0855,0900,5,R,br,
2025-10-11,trial-pair01,213,0020,0030,10,R,shop,
2025-10-11,trial-pair01,214,0015,0020,5,F,aliexpress,
2025-10-11,trial-pair01,215,0010,0015,5,P,business,
2025-10-11,trial-pair01,216,0005,0010,5,F,music,
2025-10-11,trial-pair01,217,0000,0005,5,P,business,
2025-10-11,trial-pair01,218,2355,0000,5,R,ready,
2025-10-11,trial-pair01,219,2350,2355,5,R,shower,
2025-10-11,trial-pair01,220,2335,2350,15,P,tm school,
2025-10-11,trial-pair01,221,2330,2335,5,R,ready,
2025-10-11,trial-pair01,222,2300,2330,30,S,comm,
2025-10-11,trial-pair01,223,2255,2300,5,P,tm notes,
2025-10-11,trial-pair01,224,2245,2255,10,R,ready,
2025-10-11,trial-pair01,225,2240,2245,5,P,tm notes,
2025-10-11,trial-pair01,226,2235,2240,5,S,tm comm,
2025-10-11,trial-pair01,227,2230,2235,5,P,business,
2025-10-11,trial-pair01,228,2220,2230,10,R,ready,
2025-10-11,trial-pair01,229,2215,2220,5,R,br,
2025-10-11,trial-pair01,230,2205,2215,10,P,school,
2025-10-11,trial-pair01,231,2140,2205,25,E,eat,
2025-10-11,trial-pair01,232,2130,2140,10,R,drive,
2025-10-11,trial-pair01,233,2120,2130,10,R,walk,
2025-10-11,trial-pair01,234,2100,2120,20,F,music,
2025-10-11,trial-pair01,235,1820,2100,160,P,hw ITCS 5122,
2025-10-11,trial-pair01,236,1815,1820,5,F,music,
2025-10-11,trial-pair01,237,1810,1815,5,P,school,
2025-10-11,trial-pair01,238,1740,1810,30,R,shop,
2025-10-11,trial-pair01,239,1710,1740,30,F,aliexpress,
2025-10-11,trial-pair01,240,1705,1710,5,P,business,
2025-10-11,trial-pair01,241,1635,1705,30,F,aliexpress,
2025-10-11,trial-pair01,242,1630,1635,5,F,yt,
2025-10-11,trial-pair01,243,1615,1630,15,P,business,
2025-10-11,trial-pair01,244,1610,1615,5,F,article,
2025-10-11,trial-pair01,245,1605,1610,5,P,notes,
2025-10-11,trial-pair01,246,1550,1605,15,F,yt,
2025-10-11,trial-pair01,247,1545,1550,5,E,eat,
2025-10-11,trial-pair01,248,1535,1545,10,P,notes,
2025-10-11,trial-pair01,249,1530,1535,5,P,business,
2025-10-11,trial-pair01,250,1500,1530,30,F,nap,
2025-10-11,trial-pair01,251,1450,1500,10,F,think,
2025-10-11,trial-pair01,252,1445,1450,5,P,notes,
2025-10-11,trial-pair01,253,1440,1445,5,P,business,
2025-10-11,trial-pair01,254,1435,1440,5,R,br,
2025-10-11,trial-pair01,255,1415,1435,20,E,eat,
2025-10-11,trial-pair01,256,1410,1415,5,F,yt,
2025-10-11,trial-pair01,257,1405,1410,5,F,dawdle,
2025-10-11,trial-pair01,258,1350,1405,15,P,business,
2025-10-11,trial-pair01,259,1345,1350,5,P,notes,
2025-10-11,trial-pair01,260,1340,1345,5,R,ready,
2025-10-11,trial-pair01,261,1330,1340,10,R,walk,
2025-10-11,trial-pair01,262,1245,1330,45,W,workout,
2025-10-11,trial-pair01,263,1220,1245,25,R,poop,
2025-10-11,trial-pair01,264,1210,1220,10,S,jaydon,
2025-10-11,trial-pair01,265,1205,1210,5,R,walk,
2025-10-11,trial-pair01,266,1155,1205,10,R,drive,
2025-10-11,trial-pair01,267,1150,1155,5,S,debbie,
2025-10-11,trial-pair01,268,1140,1150,10,E,eat,
2025-10-11,trial-pair01,269,1125,1140,15,R,ready,
2025-10-11,trial-pair01,270,1120,1125,5,F,dawdle,
2025-10-11,trial-pair01,271,1110,1120,10,R,laundry,
2025-10-11,trial-pair01,272,1055,1110,15,F,yt,
2025-10-11,trial-pair01,273,1035,1055,20,R,poop,
2025-10-11,trial-pair01,274,1025,1035,10,R,clean,
2025-10-11,trial-pair01,275,1020,1025,5,F,music,
2025-10-11,trial-pair01,276,1015,1020,5,F,yt,
2025-10-11,trial-pair01,277,1010,1015,5,R,clean,
2025-10-11,trial-pair01,278,1005,1010,5,R,ready,
2025-10-11,trial-pair01,279,1000,1005,5,P,school,
2025-10-11,trial-pair01,280,0955,1000,5,S,dan,
2025-10-11,trial-pair01,281,0945,0955,10,E,eat,
2025-10-11,trial-pair01,282,0930,0945,15,R,clean,
2025-10-11,trial-pair01,283,0920,0930,10,R,ready,
2025-10-11,trial-pair01,284,0855,0920,25,GOD,qt,
2025-10-11,trial-pair01,285,0845,0855,10,GOD,pray,
2025-10-11,trial-pair01,286,0840,0845,5,E,eat,
2025-10-11,trial-pair01,287,0835,0840,5,R,laundry,
2025-10-11,trial-pair01,288,0830,0835,5,R,br,
2025-10-10,trial-pair01,292,2350,2355,5,R,laundry,
2025-10-10,trial-pair01,293,2340,2350,10,R,ready,
2025-10-10,trial-pair01,294,2335,2340,5,F,dressup,
2025-10-10,trial-pair01,295,2325,2335,10,R,clean,
2025-10-10,trial-pair01,296,2320,2325,5,R,ready,
2025-10-10,trial-pair01,297,2255,2320,25,E,eat,
2025-10-10,trial-pair01,298,2240,2255,15,R,drive,
2025-10-10,trial-pair01,299,2225,2240,15,R,walk,
2025-10-10,trial-pair01,300,2120,2225,65,P,hw ITCS 5122,
2025-10-10,trial-pair01,301,2115,2120,5,S,comm,
2025-10-10,trial-pair01,302,2110,2115,5,P,business,
2025-10-10,trial-pair01,303,2055,2110,15,F,yt,
2025-10-10,trial-pair01,304,2050,2055,5,P,notes,
2025-10-10,trial-pair01,305,1955,2050,55,F,music,
2025-10-10,trial-pair01,306,1925,1955,30,S,CAIR,
2025-10-10,trial-pair01,307,1905,1925,20,P,school,
2025-10-10,trial-pair01,308,1900,1905,5,F,dawdle,
2025-10-10,trial-pair01,309,1855,1900,5,F,think,
2025-10-10,trial-pair01,310,1845,1855,10,P,hw ITCS 5010,
2025-10-10,trial-pair01,311,1840,1845,5,P,notes,
2025-10-10,trial-pair01,312,1835,1840,5,S,CAIR,
2025-10-10,trial-pair01,313,1825,1835,10,E,eat,
2025-10-10,trial-pair01,314,1810,1825,15,R,walk,
2025-10-10,trial-pair01,315,1630,1810,100,GOD,ministry,
2025-10-10,trial-pair01,316,1625,1630,5,GOD,pray,
2025-10-10,trial-pair01,317,1620,1625,5,F,think,
2025-10-10,trial-pair01,318,1615,1620,5,R,poop,
2025-10-10,trial-pair01,319,1610,1615,5,E,eat,
2025-10-10,trial-pair01,320,1600,1610,10,R,walk,
2025-10-10,trial-pair01,321,1500,1600,60,GOD,ministry,
2025-10-10,trial-pair01,322,1455,1500,5,F,dawdle,
2025-10-10,trial-pair01,323,1435,1455,20,F,nap,
2025-10-10,trial-pair01,324,1425,1435,10,R,walk,
2025-10-10,trial-pair01,325,1420,1425,5,P,hw ITCS 3750,
2025-10-10,trial-pair01,326,1415,1420,5,P,business,
2025-10-10,trial-pair01,327,1410,1415,5,F,music,
2025-10-10,trial-pair01,328,1405,1410,5,F,dawdle,
2025-10-10,trial-pair01,329,1400,1405,5,P,notes,
2025-10-10,trial-pair01,330,1355,1400,5,P,business,
2025-10-10,trial-pair01,331,1340,1355,15,R,walk,
2025-10-10,trial-pair01,332,1335,1340,5,R,br,
2025-10-10,trial-pair01,333,1330,1335,5,W,workout,
2025-10-10,trial-pair01,334,1230,1330,60,S,ritik,
2025-10-10,trial-pair01,335,1225,1230,5,S,mom,
2025-10-10,trial-pair01,336,1215,1225,10,E,eat,
2025-10-10,trial-pair01,337,1205,1215,10,S,ritik,
2025-10-10,trial-pair01,338,1140,1205,25,R,drive,
2025-10-10,trial-pair01,339,1135,1140,5,R,shop,
2025-10-10,trial-pair01,340,1130,1135,5,P,notes,
2025-10-10,trial-pair01,341,1100,1130,30,R,drive,
2025-10-10,trial-pair01,342,1055,1100,5,F,va,
2025-10-10,trial-pair01,343,1050,1055,5,P,notes,
2025-10-10,trial-pair01,344,1040,1050,10,R,ready,
2025-10-10,trial-pair01,345,1035,1040,5,R,laundry,
2025-10-10,trial-pair01,346,1030,1035,5,R,ready,
2025-10-10,trial-pair01,347,1020,1030,10,R,clean,
2025-10-10,trial-pair01,348,1015,1020,5,R,ready,
2025-10-10,trial-pair01,349,1010,1015,5,R,laundry,
2025-10-10,trial-pair01,350,1000,1010,10,R,ready,
2025-10-10,trial-pair01,351,0955,1000,5,R,laundry,
2025-10-10,trial-pair01,352,0940,0955,15,E,eat,
2025-10-10,trial-pair01,353,0935,0940,5,R,ready,
2025-10-10,trial-pair01,354,0910,0935,25,GOD,qt,
2025-10-10,trial-pair01,355,0905,0910,5,F,think,
2025-10-10,trial-pair01,356,0855,0905,10,GOD,pray,
2025-10-10,trial-pair01,357,0850,0855,5,F,think,
2025-10-10,trial-pair01,358,0840,0850,10,R,laundry,
2025-10-10,trial-pair01,359,0835,0840,5,R,br,
2025-10-09,trial-pair01,363,0045,0050,5,P,notes,
2025-10-09,trial-pair01,364,0040,0045,5,R,ready,
2025-10-09,trial-pair01,365,0035,0040,5,S,comm,
2025-10-09,trial-pair01,366,0025,0035,10,R,ready,
2025-10-09,trial-pair01,367,0015,0025,10,E,eat,
2025-10-09,trial-pair01,368,0005,0015,10,R,drive,
2025-10-09,trial-pair01,369,2335,0005,30,S,ignite,
2025-10-09,trial-pair01,370,2330,2335,5,R,drive,
2025-10-09,trial-pair01,371,2325,2330,5,E,eat,
2025-10-09,trial-pair01,372,2320,2325,5,S,harsh,
2025-10-09,trial-pair01,373,2300,2320,20,R,walk,
2025-10-09,trial-pair01,374,1900,2300,240,S,ignite,
2025-10-09,trial-pair01,375,1845,1900,15,R,walk,
2025-10-09,trial-pair01,376,1815,1845,30,GOD,ignite,
2025-10-09,trial-pair01,377,1750,1815,25,R,walk,
2025-10-09,trial-pair01,378,1740,1750,10,S,shower,
2025-10-09,trial-pair01,379,1730,1740,10,R,poop,
2025-10-09,trial-pair01,380,1725,1730,5,S,caleb,
2025-10-09,trial-pair01,381,1715,1725,10,R,walk,
2025-10-09,trial-pair01,382,1645,1715,30,P,hw ITCS 5122,
2025-10-09,trial-pair01,383,1635,1645,10,P,notes,
2025-10-09,trial-pair01,384,1630,1635,5,GOD,journal,
2025-10-09,trial-pair01,385,1530,1630,60,P,notes,
2025-10-09,trial-pair01,386,1515,1530,15,P,business,
2025-10-09,trial-pair01,387,1510,1515,5,P,notes,
2025-10-09,trial-pair01,388,1500,1510,10,P,school,
2025-10-09,trial-pair01,389,1450,1500,10,E,eat,
2025-10-09,trial-pair01,390,1440,1450,10,R,walk,
2025-10-09,trial-pair01,391,1415,1440,25,F,va,
2025-10-09,trial-pair01,392,1400,1415,15,W,workout,
2025-10-09,trial-pair01,393,1355,1400,5,R,walk,
2025-10-09,trial-pair01,394,1315,1355,40,F,nap,
2025-10-09,trial-pair01,395,1305,1315,10,F,tm read,
2025-10-09,trial-pair01,396,1300,1305,5,R,walk,
2025-10-09,trial-pair01,397,1255,1300,5,R,br,
2025-10-09,trial-pair01,398,1245,1255,10,E,eat,
2025-10-09,trial-pair01,399,1240,1245,5,R,walk,
2025-10-09,trial-pair01,400,1230,1240,10,S,abheek,
2025-10-09,trial-pair01,401,1130,1230,60,W,workout,
2025-10-09,trial-pair01,402,1105,1130,25,R,walk,
2025-10-09,trial-pair01,403,1100,1105,5,R,drive,
2025-10-09,trial-pair01,404,1055,1100,5,F,dawdle,
2025-10-09,trial-pair01,405,1050,1055,5,P,business,
2025-10-09,trial-pair01,406,1045,1050,5,R,drive,
2025-10-09,trial-pair01,407,1040,1045,5,R,walk,
2025-10-09,trial-pair01,408,1035,1040,5,F,va,
2025-10-09,trial-pair01,409,1030,1035,5,S,comm,
2025-10-09,trial-pair01,410,1025,1030,5,P,school,
2025-10-09,trial-pair01,411,1020,1025,5,F,va,
2025-10-09,trial-pair01,412,1015,1020,5,F,think,
2025-10-09,trial-pair01,413,0950,1015,25,R,poop,
2025-10-09,trial-pair01,414,0945,0950,5,P,notes,
2025-10-09,trial-pair01,415,0935,0945,10,P,business,
2025-10-09,trial-pair01,416,0930,0935,5,R,br,
2025-10-09,trial-pair01,417,0920,0930,10,R,drive,
2025-10-09,trial-pair01,418,0915,0920,5,R,walk,
2025-10-09,trial-pair01,419,0855,0915,20,S,dad,
2025-10-09,trial-pair01,420,0850,0855,5,P,notes,
2025-10-09,trial-pair01,421,0830,0850,20,S,dad,
2025-10-09,trial-pair01,422,0815,0830,15,E,eat,
2025-10-09,trial-pair01,423,0800,0815,15,R,drive,
2025-10-09,trial-pair01,424,0750,0800,10,S,dan,
2025-10-09,trial-pair01,425,0730,0750,20,R,ready,
2025-10-08,trial-pair01,429,0110,0115,5,R,ready,
2025-10-08,trial-pair01,430,0100,0110,10,S,dad,
2025-10-08,trial-pair01,431,0055,0100,5,R,ready,
2025-10-08,trial-pair01,432,0050,0055,5,F,pics,
2025-10-08,trial-pair01,433,0035,0050,15,R,ready,
2025-10-08,trial-pair01,434,0030,0035,5,R,shower,
2025-10-08,trial-pair01,435,0015,0030,15,R,poop,
2025-10-08,trial-pair01,436,0010,0015,5,F,think,
2025-10-08,trial-pair01,437,0005,0010,5,GOD,pray,
2025-10-08,trial-pair01,438,0000,0005,5,P,tm notes,
2025-10-08,trial-pair01,439,2355,0000,5,E,eat,
2025-10-08,trial-pair01,440,2350,2355,5,P,notes,
2025-10-08,trial-pair01,441,2340,2350,10,S,tm comm,
2025-10-08,trial-pair01,442,2335,2340,5,R,ready,
2025-10-08,trial-pair01,443,2330,2335,5,W,workout,
2025-10-08,trial-pair01,444,2315,2330,15,F,yt,
2025-10-08,trial-pair01,445,2310,2315,5,R,clean,
2025-10-08,trial-pair01,446,2240,2310,30,E,eat,
2025-10-08,trial-pair01,447,2235,2240,5,R,br,
2025-10-08,trial-pair01,448,2220,2235,15,R,drive,
2025-10-08,trial-pair01,449,2200,2220,20,F,music,
2025-10-08,trial-pair01,450,2035,2200,85,S,ritik,
2025-10-08,trial-pair01,451,2020,2035,15,E,eat,
2025-10-08,trial-pair01,452,2000,2020,20,R,walk,
2025-10-08,trial-pair01,453,1955,2000,5,S,ajay,
2025-10-08,trial-pair01,454,1950,1955,5,E,eat,
2025-10-08,trial-pair01,455,1945,1950,5,R,walk,
2025-10-08,trial-pair01,456,1940,1945,5,S,comm,
2025-10-08,trial-pair01,457,1935,1940,5,R,walk,
2025-10-08,trial-pair01,458,1900,1935,35,P,hw ITCS 5010,
2025-10-08,trial-pair01,459,1740,1900,80,P,ITCS 5010,
2025-10-08,trial-pair01,460,1735,1740,5,S,bruh,
2025-10-08,trial-pair01,461,1730,1735,5,R,walk,
2025-10-08,trial-pair01,462,1725,1730,5,S,ajay,
2025-10-08,trial-pair01,463,1720,1725,5,R,walk,
2025-10-08,trial-pair01,464,1630,1720,50,W,workout,
2025-10-08,trial-pair01,465,1620,1630,10,R,walk,
2025-10-08,trial-pair01,466,1555,1620,25,S,ignite,
2025-10-08,trial-pair01,467,1450,1555,65,GOD,ministry,
2025-10-08,trial-pair01,468,1440,1450,10,S,jonathan,
2025-10-08,trial-pair01,469,1430,1440,10,R,walk,
2025-10-08,trial-pair01,470,1425,1430,5,S,ajay,
2025-10-08,trial-pair01,471,1410,1425,15,P,hw ITCS 3750,
2025-10-08,trial-pair01,472,1405,1410,5,P,school,
2025-10-08,trial-pair01,473,1355,1405,10,S,ajay,
2025-10-08,trial-pair01,474,1345,1355,10,R,walk,
2025-10-08,trial-pair01,475,1340,1345,5,F,va,
2025-10-08,trial-pair01,476,1330,1340,10,E,eat,
2025-10-08,trial-pair01,477,1325,1330,5,R,ready,
2025-10-08,trial-pair01,478,1320,1325,5,R,walk,
2025-10-08,trial-pair01,479,1310,1320,10,P,business,
2025-10-08,trial-pair01,480,1305,1310,5,F,dawdle,
2025-10-08,trial-pair01,481,1300,1305,5,R,walk,
2025-10-08,trial-pair01,482,1250,1300,10,S,CAIR,
2025-10-08,trial-pair01,483,1235,1250,15,P,school,
2025-10-08,trial-pair01,484,1230,1235,5,P,notes,
2025-10-08,trial-pair01,485,1215,1230,15,S,CAIR,
2025-10-08,trial-pair01,486,1210,1215,5,R,br,
2025-10-08,trial-pair01,487,1205,1210,5,R,walk,
2025-10-08,trial-pair01,488,1200,1205,5,S,Dalton,
2025-10-08,trial-pair01,489,1115,1200,45,P,ITCS 5122,
2025-10-08,trial-pair01,490,1110,1115,5,R,walk,
2025-10-08,trial-pair01,491,1105,1110,5,S,CAIR,
2025-10-08,trial-pair01,492,1045,1105,20,R,walk,
2025-10-08,trial-pair01,493,1030,1045,15,R,drive,
2025-10-08,trial-pair01,494,1025,1030,5,F,dawdle,
2025-10-08,trial-pair01,495,1005,1025,20,R,ready,
2025-10-08,trial-pair01,496,0945,1005,20,E,eat,
2025-10-08,trial-pair01,497,0940,0945,5,R,ready,
2025-10-08,trial-pair01,498,0925,0940,15,R,ready,
2025-10-08,trial-pair01,499,0920,0925,5,R,shower,
2025-10-08,trial-pair01,500,0915,0920,5,F,think,
2025-10-08,trial-pair01,501,0850,0915,25,GOD,qt,
2025-10-08,trial-pair01,502,0840,0850,10,GOD,pray,
2025-10-08,trial-pair01,503,0835,0840,5,F,think,
2025-10-08,trial-pair01,504,0815,0835,20,R,poop,
2025-10-08,trial-pair01,505,0810,0815,5,F,think,
2025-10-08,trial-pair01,506,0805,0810,5,R,br,
2025-10-07,trial-pair01,510,2235,2245,10,P,school,
2025-10-07,trial-pair01,511,2230,2235,5,P,notes,
2025-10-07,trial-pair01,512,2210,2230,20,GOD,pray,
2025-10-07,trial-pair01,513,2200,2210,10,F,think,
2025-10-07,trial-pair01,514,2150,2200,10,F,dressup,
2025-10-07,trial-pair01,515,2140,2150,10,R,ready,
2025-10-07,trial-pair01,516,2130,2140,10,S,dan,
2025-10-07,trial-pair01,517,2115,2130,15,R,drive,
2025-10-07,trial-pair01,518,2100,2115,15,R,walk,
2025-10-07,trial-pair01,519,1920,2100,100,P,hw ITCS 5010,
2025-10-07,trial-pair01,520,1915,1920,5,F,language,
2025-10-07,trial-pair01,521,1910,1915,5,S,Ajay,
2025-10-07,trial-pair01,522,1905,1910,5,P,school,
2025-10-07,trial-pair01,523,1855,1905,10,P,notes,
2025-10-07,trial-pair01,524,1850,1855,5,W,workout,
2025-10-07,trial-pair01,525,1845,1850,5,S,comm,
2025-10-07,trial-pair01,526,1830,1845,15,P,hw ITCS 5010,
2025-10-07,trial-pair01,527,1820,1830,10,P,notes,
2025-10-07,trial-pair01,528,1805,1820,15,F,va,
2025-10-07,trial-pair01,529,1800,1805,5,S,CAIR,
2025-10-07,trial-pair01,530,1700,1800,60,P,school,
2025-10-07,trial-pair01,531,1655,1700,5,R,walk,
2025-10-07,trial-pair01,532,1650,1655,5,S,CAIR,
2025-10-07,trial-pair01,533,1635,1650,15,P,school,
2025-10-07,trial-pair01,534,1625,1635,10,P,notes,
2025-10-07,trial-pair01,535,1615,1625,10,R,walk,
2025-10-07,trial-pair01,536,1610,1615,5,R,drive,
2025-10-07,trial-pair01,537,1605,1610,5,R,shop,
2025-10-07,trial-pair01,538,1600,1605,5,R,walk,
2025-10-07,trial-pair01,539,1555,1600,5,S,Miracle,
2025-10-07,trial-pair01,540,1435,1555,80,P,volunteer,
2025-10-07,trial-pair01,541,1430,1435,5,R,drive,
2025-10-07,trial-pair01,542,1420,1430,10,R,walk,
2025-10-07,trial-pair01,543,1415,1420,5,R,br,
2025-10-07,trial-pair01,544,1410,1415,5,R,walk,
2025-10-07,trial-pair01,545,1405,1410,5,S,ben,
2025-10-07,trial-pair01,546,1250,1405,75,GOD,ministry,
2025-10-07,trial-pair01,547,1235,1250,15,R,walk,
2025-10-07,trial-pair01,548,1220,1235,15,R,drive,
2025-10-07,trial-pair01,549,1215,1220,5,R,ready,
2025-10-07,trial-pair01,550,1150,1215,25,F,yt,
2025-10-07,trial-pair01,551,1100,1150,50,F,nap,
2025-10-07,trial-pair01,552,1050,1100,10,R,clean,
2025-10-07,trial-pair01,553,1045,1050,5,F,language,
2025-10-07,trial-pair01,554,1040,1045,5,P,notes,
2025-10-07,trial-pair01,555,1035,1040,5,F,dawdle,
2025-10-07,trial-pair01,556,1025,1035,10,F,think,
2025-10-07,trial-pair01,557,1010,1025,15,GOD,qt,
2025-10-07,trial-pair01,558,1005,1010,5,GOD,pray,
2025-10-07,trial-pair01,559,1000,1005,5,R,clean,
2025-10-07,trial-pair01,560,0955,1000,5,P,notes,
2025-10-07,trial-pair01,561,0950,0955,5,R,ready,
2025-10-07,trial-pair01,562,0945,0950,5,F,dressup,
2025-10-07,trial-pair01,563,0935,0945,10,R,ready,
2025-10-07,trial-pair01,564,0930,0935,5,R,clean,
2025-10-07,trial-pair01,565,0925,0930,5,F,yt,
2025-10-07,trial-pair01,566,0920,0925,5,P,notes,
2025-10-07,trial-pair01,567,0915,0920,5,F,think,
2025-10-07,trial-pair01,568,0910,0915,5,R,ready,
2025-10-07,trial-pair01,569,0905,0910,5,R,shower,
2025-10-07,trial-pair01,570,0900,0905,5,P,school,
2025-10-07,trial-pair01,571,0855,0900,5,R,br,
2025-10-06,trial-pair01,575,2345,2350,5,R,ready,
2025-10-06,trial-pair01,576,2225,2345,80,P,hw ITCS 5122,
2025-10-06,trial-pair01,577,2220,2225,5,P,notes,
2025-10-06,trial-pair01,578,2215,2220,5,F,va,
2025-10-06,trial-pair01,579,2210,2215,5,R,ready,
2025-10-06,trial-pair01,580,2205,2210,5,R,shower,
2025-10-06,trial-pair01,581,2200,2205,5,R,ready,
2025-10-06,trial-pair01,582,2145,2200,15,R,drive,
2025-10-06,trial-pair01,583,2140,2145,5,S,maria,
2025-10-06,trial-pair01,584,2100,2140,40,GOD,ministry,
2025-10-06,trial-pair01,585,2055,2100,5,R,drive,
2025-10-06,trial-pair01,586,2045,2055,10,GOD,pray,
2025-10-06,trial-pair01,587,2010,2045,35,S,ritik,
2025-10-06,trial-pair01,588,1950,2010,20,R,cut,
2025-10-06,trial-pair01,589,1935,1950,15,S,ritik,
2025-10-06,trial-pair01,590,1930,1935,5,R,drive,
2025-10-06,trial-pair01,591,1915,1930,15,R,walk,
2025-10-06,trial-pair01,592,1900,1915,15,P,hw ITCS 5122,
2025-10-06,trial-pair01,593,1855,1900,5,S,comm,
2025-10-06,trial-pair01,594,1850,1855,5,P,school,
2025-10-06,trial-pair01,595,1845,1850,5,F,va,
2025-10-06,trial-pair01,596,1730,1845,75,P,ITCS 5010,
2025-10-06,trial-pair01,597,1715,1730,15,F,nap,
2025-10-06,trial-pair01,598,1710,1715,5,S,comm,
2025-10-06,trial-pair01,599,1700,1710,10,R,walk,
2025-10-06,trial-pair01,600,1655,1700,5,F,language,
2025-10-06,trial-pair01,601,1555,1655,60,P,school,
2025-10-06,trial-pair01,602,1550,1555,5,P,notes,
2025-10-06,trial-pair01,603,1545,1550,5,F,language,
2025-10-06,trial-pair01,604,1540,1545,5,S,comm,
2025-10-06,trial-pair01,605,1520,1540,20,S,CAIR,
2025-10-06,trial-pair01,606,1510,1520,10,R,walk,
2025-10-06,trial-pair01,607,1505,1510,5,F,dawdle,
2025-10-06,trial-pair01,608,1500,1505,5,R,walk,
2025-10-06,trial-pair01,609,1455,1500,5,S,ignite,
2025-10-06,trial-pair01,610,1435,1455,20,GOD,ignite evangelism,
2025-10-06,trial-pair01,611,1425,1435,10,R,walk,
2025-10-06,trial-pair01,612,1345,1425,40,P,school,
2025-10-06,trial-pair01,613,1335,1345,10,S,CAIR,
2025-10-06,trial-pair01,614,1325,1335,10,F,va,
2025-10-06,trial-pair01,615,1320,1325,5,P,school,
2025-10-06,trial-pair01,616,1315,1320,5,F,language,
2025-10-06,trial-pair01,617,1300,1315,15,R,walk,
2025-10-06,trial-pair01,618,1255,1300,5,S,Dr. Dinar,
2025-10-06,trial-pair01,619,1225,1255,30,P,research,
2025-10-06,trial-pair01,620,1210,1225,15,R,walk,
2025-10-06,trial-pair01,621,1200,1210,10,S,jeniya,
2025-10-06,trial-pair01,622,1115,1200,45,P,ITCS 5122,
2025-10-06,trial-pair01,623,1110,1115,5,R,br,
2025-10-06,trial-pair01,624,1105,1110,5,S,CAIR,
2025-10-06,trial-pair01,625,1030,1105,35,P,hw ITCS 5122,
2025-10-06,trial-pair01,626,1025,1030,5,F,music,
2025-10-06,trial-pair01,627,1020,1025,5,S,comm,
2025-10-06,trial-pair01,628,1015,1020,5,P,notes,
2025-10-06,trial-pair01,629,1010,1015,5,S,comm,
2025-10-06,trial-pair01,630,0935,1010,35,P,research,
2025-10-06,trial-pair01,631,0930,0935,5,F,music,
2025-10-06,trial-pair01,632,0925,0930,5,S,comm,
2025-10-06,trial-pair01,633,0920,0925,5,S,kento,
2025-10-06,trial-pair01,634,0855,0920,25,R,poop,
2025-10-06,trial-pair01,635,0715,0855,100,P,research,
2025-10-06,trial-pair01,636,0710,0715,5,W,stretch,
2025-10-06,trial-pair01,637,0705,0710,5,F,va,
2025-10-06,trial-pair01,638,0700,0705,5,P,notes,
2025-10-06,trial-pair01,639,0655,0700,5,R,br,
2025-10-06,trial-pair01,640,0640,0655,15,R,walk,
2025-10-06,trial-pair01,641,0625,0640,15,R,drive,
2025-10-06,trial-pair01,642,0620,0625,5,F,dressup,
2025-10-06,trial-pair01,643,0605,0620,15,R,ready,
2025-10-06,trial-pair01,644,0555,0605,10,F,dawdle,
2025-10-05,trial-pair01,648,0010,0015,5,S,comm,
2025-10-05,trial-pair01,649,0005,0010,5,GOD,pray,
2025-10-05,trial-pair01,650,2355,0005,10,R,ready,
2025-10-05,trial-pair01,651,2345,2355,10,R,drive,
2025-10-05,trial-pair01,652,2335,2345,10,R,walk,
2025-10-05,trial-pair01,653,2300,2335,35,P,research,
2025-10-05,trial-pair01,654,2250,2300,10,F,va,
2025-10-05,trial-pair01,655,2245,2250,5,P,notes,
2025-10-05,trial-pair01,656,2240,2245,5,F,think,
2025-10-05,trial-pair01,657,2215,2240,25,F,language,
2025-10-05,trial-pair01,658,2210,2215,5,P,school,
2025-10-05,trial-pair01,659,2205,2210,5,P,notes,
2025-10-05,trial-pair01,660,2200,2205,5,R,walk,
2025-10-05,trial-pair01,661,2105,2200,55,S,ignite,
2025-10-05,trial-pair01,662,1730,2105,215,GOD,ignite,
2025-10-05,trial-pair01,663,1725,1730,5,R,br,
2025-10-05,trial-pair01,664,1720,1725,5,R,walk,
2025-10-05,trial-pair01,665,1715,1720,5,P,school,
2025-10-05,trial-pair01,666,1650,1715,25,P,research,
2025-10-05,trial-pair01,667,1630,1650,20,F,va,
2025-10-05,trial-pair01,668,1625,1630,5,S,comm,
2025-10-05,trial-pair01,669,1620,1625,5,F,think,
2025-10-05,trial-pair01,670,1610,1620,10,P,notes,
2025-10-05,trial-pair01,671,1520,1610,50,P,research,
2025-10-05,trial-pair01,672,1515,1520,5,F,yt,
2025-10-05,trial-pair01,673,1455,1515,20,P,notes,
2025-10-05,trial-pair01,674,1450,1455,5,F,think,
2025-10-05,trial-pair01,675,1440,1450,10,R,walk,
2025-10-05,trial-pair01,676,1320,1440,80,F,nap,
2025-10-05,trial-pair01,677,1310,1320,10,R,walk,
2025-10-05,trial-pair01,678,1300,1310,10,R,drive,
2025-10-05,trial-pair01,679,1250,1300,10,R,walk,
2025-10-05,trial-pair01,680,1145,1250,65,S,carter,
2025-10-05,trial-pair01,681,1130,1145,15,P,notes,
2025-10-05,trial-pair01,682,1110,1130,20,GOD,qt,
2025-10-05,trial-pair01,683,1100,1110,10,P,notes,
2025-10-05,trial-pair01,684,1050,1100,10,R,walk,
2025-10-05,trial-pair01,685,1040,1050,10,R,drive,
2025-10-05,trial-pair01,686,0925,1040,75,GOD,church,
2025-10-05,trial-pair01,687,0910,0925,15,R,drive,
2025-10-05,trial-pair01,688,0905,0910,5,R,ready,
2025-10-05,trial-pair01,689,0900,0905,5,F,dressup,
2025-10-05,trial-pair01,690,0830,0900,30,R,ready,
2025-10-04,trial-pair01,694,0100,0110,10,P,notes,
2025-10-04,trial-pair01,695,0005,0100,55,F,dawdle…,
2025-10-04,trial-pair01,696,0000,0005,5,R,ready,
2025-10-04,trial-pair01,697,2355,0000,5,GOD,pray,
2025-10-04,trial-pair01,698,2345,2355,10,R,ready,
2025-10-04,trial-pair01,699,2340,2345,5,R,shower,
2025-10-04,trial-pair01,700,2335,2340,5,F,yt,
2025-10-04,trial-pair01,701,2320,2335,15,R,poop,
2025-10-04,trial-pair01,702,2225,2320,55,S,carter,
2025-10-04,trial-pair01,703,2215,2225,10,S,tm zach,
2025-10-04,trial-pair01,704,2200,2215,15,E,eat,
2025-10-04,trial-pair01,705,2135,2200,25,S,tm zach,
2025-10-04,trial-pair01,706,2125,2135,10,S,zach,
2025-10-04,trial-pair01,707,2115,2125,10,R,drive,
2025-10-04,trial-pair01,708,2105,2115,10,R,walk,
2025-10-04,trial-pair01,709,2100,2105,5,P,school,
2025-10-04,trial-pair01,710,2045,2100,15,E,eat,
2025-10-04,trial-pair01,711,2040,2045,5,F,think,
2025-10-04,trial-pair01,712,2025,2040,15,P,notes,
2025-10-04,trial-pair01,713,2020,2025,5,F,yt,
2025-10-04,trial-pair01,714,2000,2020,20,F,language,
2025-10-04,trial-pair01,715,1950,2000,10,P,notes,
2025-10-04,trial-pair01,716,1945,1950,5,F,language,
2025-10-04,trial-pair01,717,1935,1945,10,P,notes,
2025-10-04,trial-pair01,718,1925,1935,10,P,school,
2025-10-04,trial-pair01,719,1910,1925,15,F,yt,
2025-10-04,trial-pair01,720,1905,1910,5,F,article,
2025-10-04,trial-pair01,721,1855,1905,10,P,school,
2025-10-04,trial-pair01,722,1850,1855,5,P,business,
2025-10-04,trial-pair01,723,1845,1850,5,P,notes,
2025-10-04,trial-pair01,724,1830,1845,15,P,school,
2025-10-04,trial-pair01,725,1825,1830,5,F,language,
2025-10-04,trial-pair01,726,1820,1825,5,P,notes,
2025-10-04,trial-pair01,727,1810,1820,10,F,yt,
2025-10-04,trial-pair01,728,1755,1810,15,F,music,
2025-10-04,trial-pair01,729,1750,1755,5,S,comm,
2025-10-04,trial-pair01,730,1725,1750,25,F,music,
2025-10-04,trial-pair01,731,1720,1725,5,P,school,
2025-10-04,trial-pair01,732,1715,1720,5,E,eat,
2025-10-04,trial-pair01,733,1705,1715,10,F,language,
2025-10-04,trial-pair01,734,1700,1705,5,P,notes,
2025-10-04,trial-pair01,735,1655,1700,5,E,,normalized category Eat to E
2025-10-04,trial-pair01,736,1650,1655,5,R,walk,
2025-10-04,trial-pair01,737,1640,1650,10,E,eat,
2025-10-04,trial-pair01,738,1630,1640,10,R,walk,
2025-10-04,trial-pair01,739,1615,1630,15,W,workout,
2025-10-04,trial-pair01,740,1605,1615,10,R,walk,
2025-10-04,trial-pair01,741,1545,1605,20,S,Darren,
2025-10-04,trial-pair01,742,1505,1545,40,W,workout,
2025-10-04,trial-pair01,743,1500,1505,5,R,walk,
2025-10-04,trial-pair01,744,1450,1500,10,S,comm,
2025-10-04,trial-pair01,745,1445,1450,5,R,walk,
2025-10-04,trial-pair01,746,1440,1445,5,P,notes,
2025-10-04,trial-pair01,747,1435,1440,5,E,eat,
2025-10-04,trial-pair01,748,1430,1435,5,P,research,
2025-10-04,trial-pair01,749,1425,1430,5,F,music,
2025-10-04,trial-pair01,750,1420,1425,5,P,notes,
2025-10-04,trial-pair01,751,1415,1420,5,E,eat,
2025-10-04,trial-pair01,752,1410,1415,5,F,music,
2025-10-04,trial-pair01,753,1400,1410,10,P,notes,
2025-10-04,trial-pair01,754,1355,1400,5,R,clean,
2025-10-04,trial-pair01,755,1350,1355,5,E,eat,
2025-10-04,trial-pair01,756,1340,1350,10,R,walk,
2025-10-04,trial-pair01,757,1335,1340,5,S,abhishek and azhar,
2025-10-04,trial-pair01,758,1240,1335,55,W,workout,
2025-10-04,trial-pair01,759,1235,1240,5,R,walk,
2025-10-04,trial-pair01,760,1225,1235,10,R,drive,
2025-10-04,trial-pair01,761,1210,1225,15,R,ready,
2025-10-04,trial-pair01,762,1155,1210,15,R,clean,
2025-10-04,trial-pair01,763,1145,1155,10,E,eat,
2025-10-04,trial-pair01,764,1140,1145,5,P,school,
2025-10-04,trial-pair01,765,1020,1140,80,F,yt,
2025-10-04,trial-pair01,766,1010,1020,10,R,ready,
2025-10-04,trial-pair01,767,0955,1010,15,R,clean,
2025-10-04,trial-pair01,768,0935,0955,20,E,eat,
2025-10-04,trial-pair01,769,0925,0935,10,GOD,qt,
2025-10-04,trial-pair01,770,0915,0925,10,GOD,pray,
2025-10-04,trial-pair01,771,0910,0915,5,R,ready,
2025-10-04,trial-pair01,772,0850,0910,20,R,poop,
2025-10-04,trial-pair01,773,0845,0850,5,F,think,
2025-10-03,trial-pair01,777,2105,2115,10,F,dawdle.,
2025-10-03,trial-pair01,778,2100,2105,5,F,yt,
2025-10-03,trial-pair01,779,2055,2100,5,P,notes,
2025-10-03,trial-pair01,780,2040,2055,15,F,yt,
2025-10-03,trial-pair01,781,2030,2040,10,R,ready,
2025-10-03,trial-pair01,782,2025,2030,5,R,shower,
2025-10-03,trial-pair01,783,2015,2025,10,R,ready,
2025-10-03,trial-pair01,784,2005,2015,10,F,yt,
2025-10-03,trial-pair01,785,1955,2005,10,E,eat,
2025-10-03,trial-pair01,786,1930,1955,25,R,clean,
2025-10-03,trial-pair01,787,1915,1930,15,R,drive,
2025-10-03,trial-pair01,788,1910,1915,5,R,walk,
2025-10-03,trial-pair01,789,1905,1910,5,R,clean,
2025-10-03,trial-pair01,790,1820,1905,45,S,ritik,
2025-10-03,trial-pair01,791,1800,1820,20,P,school,
2025-10-03,trial-pair01,792,1745,1800,15,R,walk,
2025-10-03,trial-pair01,793,1735,1745,10,S,mom,
2025-10-03,trial-pair01,794,1730,1735,5,R,walk,
2025-10-03,trial-pair01,795,1720,1730,10,R,poop,
2025-10-03,trial-pair01,796,1700,1720,20,S,CAIR,
2025-10-03,trial-pair01,797,1645,1700,15,F,CAIR,
2025-10-03,trial-pair01,798,1620,1645,25,P,school,
2025-10-03,trial-pair01,799,1600,1620,20,R,walk,
2025-10-03,trial-pair01,800,1500,1600,60,P,research,
2025-10-03,trial-pair01,801,1450,1500,10,P,research,
2025-10-03,trial-pair01,802,1430,1450,20,R,walk,
2025-10-03,trial-pair01,803,1425,1430,5,P,research,
2025-10-03,trial-pair01,804,1330,1425,55,P,MATH 2688,
2025-10-03,trial-pair01,805,1325,1330,5,P,notes,
2025-10-03,trial-pair01,806,1320,1325,5,R,br,
2025-10-03,trial-pair01,807,1230,1320,50,P,research,
2025-10-03,trial-pair01,808,1220,1230,10,F,music,
2025-10-03,trial-pair01,809,1215,1220,5,S,comm,
2025-10-03,trial-pair01,810,1210,1215,5,R,br,
2025-10-03,trial-pair01,811,1155,1210,15,R,walk,
2025-10-03,trial-pair01,812,1140,1155,15,R,drive,
2025-10-03,trial-pair01,813,1135,1140,5,S,jnp,
2025-10-03,trial-pair01,814,0935,1135,120,P,volunteer,
2025-10-03,trial-pair01,815,0920,0935,15,R,drive,
2025-10-03,trial-pair01,816,0905,0920,15,R,walk,
2025-10-03,trial-pair01,817,0855,0905,10,R,ready,
2025-10-03,trial-pair01,818,0800,0855,55,P,research,
2025-10-03,trial-pair01,819,0755,0800,5,F,think,
2025-10-03,trial-pair01,820,0750,0755,5,F,dawdle,
2025-10-03,trial-pair01,821,0745,0750,5,P,research,
2025-10-03,trial-pair01,822,0740,0745,5,R,ready,
2025-10-03,trial-pair01,823,0730,0740,10,P,research,
2025-10-03,trial-pair01,824,0710,0730,20,F,aliexpress,
2025-10-03,trial-pair01,825,0650,0710,20,P,research,
2025-10-03,trial-pair01,826,0645,0650,5,F,dawdle,
2025-10-03,trial-pair01,827,0640,0645,5,F,language,
2025-10-03,trial-pair01,828,0630,0640,10,E,eat,
2025-10-03,trial-pair01,829,0625,0630,5,F,dawdle,
2025-10-03,trial-pair01,830,0600,0625,25,R,poop,
2025-10-03,trial-pair01,831,0425,0600,95,P,research,
2025-10-03,trial-pair01,832,0420,0425,5,F,music,
2025-10-03,trial-pair01,833,0415,0420,5,P,school,
2025-10-03,trial-pair01,834,0400,0415,15,F,think,
2025-10-03,trial-pair01,835,0350,0400,10,P,notes,
2025-10-03,trial-pair01,836,0325,0350,25,P,research,
2025-10-03,trial-pair01,837,0320,0325,5,P,school,
2025-10-03,trial-pair01,838,0315,0320,5,F,CAIR,
2025-10-03,trial-pair01,839,0310,0315,5,P,notes,
2025-10-03,trial-pair01,840,0305,0310,5,F,fam,
2025-10-02,trial-pair01,844,2310,2315,5,P,research,
2025-10-02,trial-pair01,845,2305,2310,5,R,ready,
2025-10-02,trial-pair01,846,2255,2305,10,P,research,
2025-10-02,trial-pair01,847,2250,2255,5,F,nap,
2025-10-02,trial-pair01,848,2240,2250,10,F,think,
2025-10-02,trial-pair01,849,2235,2240,5,E,eat,
2025-10-02,trial-pair01,850,2220,2235,15,P,notes,
2025-10-02,trial-pair01,851,2205,2220,15,GOD,ministry,
2025-10-02,trial-pair01,852,2125,2205,40,S,ramon,
2025-10-02,trial-pair01,853,2110,2125,15,P,research,
2025-10-02,trial-pair01,854,2105,2110,5,E,eat,
2025-10-02,trial-pair01,855,2100,2105,5,P,notes,
2025-10-02,trial-pair01,856,2055,2100,5,F,think,
2025-10-02,trial-pair01,857,2050,2055,5,F,language,
2025-10-02,trial-pair01,858,2045,2050,5,P,notes,
2025-10-02,trial-pair01,859,2030,2045,15,P,school,
2025-10-02,trial-pair01,860,2025,2030,5,E,eat,
2025-10-02,trial-pair01,861,2015,2025,10,F,dawdle,
2025-10-02,trial-pair01,862,2010,2015,5,P,notes,
2025-10-02,trial-pair01,863,2000,2010,10,S,CAIR,
2025-10-02,trial-pair01,864,1950,2000,10,R,walk,
2025-10-02,trial-pair01,865,1805,1950,105,S,grad,
2025-10-02,trial-pair01,866,1755,1805,10,R,walk,
2025-10-02,trial-pair01,867,1615,1755,100,S,coffee hr,
2025-10-02,trial-pair01,868,1600,1615,15,S,ritik,
2025-10-02,trial-pair01,869,1545,1600,15,S,garden,
2025-10-02,trial-pair01,870,1520,1545,25,R,walk,
2025-10-02,trial-pair01,871,1510,1520,10,S,ritik,
2025-10-02,trial-pair01,872,1505,1510,5,S,ramon,
2025-10-02,trial-pair01,873,1455,1505,10,S,raza,
2025-10-02,trial-pair01,874,1445,1455,10,S,ritik,
2025-10-02,trial-pair01,875,1435,1445,10,R,walk,
2025-10-02,trial-pair01,876,1430,1435,5,R,shop,
2025-10-02,trial-pair01,877,1320,1430,70,P,volunteer,
2025-10-02,trial-pair01,878,1300,1320,20,R,walk,
2025-10-02,trial-pair01,879,1255,1300,5,P,hw ITCS,
2025-10-02,trial-pair01,880,1240,1255,15,R,poop,
2025-10-02,trial-pair01,881,1235,1240,5,R,walk,
2025-10-02,trial-pair01,882,1230,1235,5,W,workout,
2025-10-02,trial-pair01,883,1150,1230,40,P,research,
2025-10-02,trial-pair01,884,1135,1150,15,P,notes,
2025-10-02,trial-pair01,885,1130,1135,5,S,CAIR,
2025-10-02,trial-pair01,886,1115,1130,15,E,eat,
2025-10-02,trial-pair01,887,1110,1115,5,R,walk,
2025-10-02,trial-pair01,888,1105,1110,5,S,ignite,
2025-10-02,trial-pair01,889,1005,1105,60,GOD,ignite evangelism,
2025-10-02,trial-pair01,890,1000,1005,5,R,walk,
2025-10-02,trial-pair01,891,0905,1000,55,GOD,ignite prayer,
2025-10-02,trial-pair01,892,0855,0905,10,R,walk,
2025-10-02,trial-pair01,893,0840,0855,15,R,drive,
2025-10-02,trial-pair01,894,0835,0840,5,E,eat,
2025-10-02,trial-pair01,895,0830,0835,5,R,ready,
2025-10-02,trial-pair01,896,0825,0830,5,R,shower,
2025-10-02,trial-pair01,897,0805,0825,20,R,poop,
2025-10-02,trial-pair01,898,0800,0805,5,F,nap,
2025-10-01,trial-pair01,902,2330,2350,20,R,ready,
2025-10-01,trial-pair01,903,2320,2330,10,E,eat,
2025-10-01,trial-pair01,904,2310,2320,10,R,drive,
2025-10-01,trial-pair01,905,2305,2310,5,GOD,pray,
2025-10-01,trial-pair01,906,2250,2305,15,P,hw ITCS 5122,
2025-10-01,trial-pair01,907,2155,2250,55,S,ritik,
2025-10-01,trial-pair01,908,2145,2155,10,P,hw ITCS 5010,
2025-10-01,trial-pair01,909,2125,2145,20,S,ritik,
2025-10-01,trial-pair01,910,2115,2125,10,E,eat,
2025-10-01,trial-pair01,911,2045,2115,30,R,walk,
2025-10-01,trial-pair01,912,2035,2045,10,S,ignite,
2025-10-01,trial-pair01,913,1915,2035,80,GOD,ignite Bible study,
2025-10-01,trial-pair01,914,1905,1915,10,R,walk,
2025-10-01,trial-pair01,915,1900,1905,5,F,nap,
2025-10-01,trial-pair01,916,1730,1900,90,P,ITCS 5010,
2025-10-01,trial-pair01,917,1720,1730,10,S,ethan,
2025-10-01,trial-pair01,918,1705,1720,15,R,walk,
2025-10-01,trial-pair01,919,1650,1705,15,R,drive,
2025-10-01,trial-pair01,920,1645,1650,5,S,ritik,
2025-10-01,trial-pair01,921,1625,1645,20,P,ITCS 5122,
2025-10-01,trial-pair01,922,1610,1625,15,S,ritik,
2025-10-01,trial-pair01,923,1600,1610,10,P,notes,
2025-10-01,trial-pair01,924,1545,1600,15,S,karson,
2025-10-01,trial-pair01,925,1540,1545,5,E,eat,
2025-10-01,trial-pair01,926,1520,1540,20,R,drive,
2025-10-01,trial-pair01,927,1500,1520,20,GOD,ministry,
2025-10-01,trial-pair01,928,1215,1500,165,S,ritik karson,
2025-10-01,trial-pair01,929,1200,1215,15,R,drive,
2025-10-01,trial-pair01,930,1155,1200,5,S,comm,
2025-10-01,trial-pair01,931,1145,1155,10,R,ready,
2025-10-01,trial-pair01,932,1130,1145,15,F,dressup,
2025-10-01,trial-pair01,933,1125,1130,5,R,ready,
2025-10-01,trial-pair01,934,1115,1125,10,P,ITCS 5010,
2025-10-01,trial-pair01,935,1110,1115,5,F,dress up,
2025-10-01,trial-pair01,936,1105,1110,5,R,ready,
2025-10-01,trial-pair01,937,1100,1105,5,R,laundry,
2025-10-01,trial-pair01,938,1050,1100,10,R,ready,
2025-10-01,trial-pair01,939,1045,1050,5,S,dan,
2025-10-01,trial-pair01,940,1035,1045,10,E,eat,
2025-10-01,trial-pair01,941,1030,1035,5,R,laundry,
2025-10-01,trial-pair01,942,1025,1030,5,F,dress up,
2025-10-01,trial-pair01,943,1015,1025,10,R,ready,
2025-10-01,trial-pair01,944,1010,1015,5,P,school,
2025-10-01,trial-pair01,945,1005,1010,5,P,business,
2025-10-01,trial-pair01,946,1000,1005,5,P,notes,
2025-10-01,trial-pair01,947,0950,1000,10,P,school,
2025-10-01,trial-pair01,948,0945,0950,5,F,think,
2025-10-01,trial-pair01,949,0930,0945,15,GOD,qt,
2025-10-01,trial-pair01,950,0925,0930,5,R,laundry,
2025-10-01,trial-pair01,951,0920,0925,5,F,think,
2025-10-01,trial-pair01,952,0915,0920,5,GOD,pray,
2025-10-01,trial-pair01,953,0850,0915,25,R,poop,
2025-10-01,trial-pair01,954,0845,0850,5,F,dawdle,
2025-07-24,trial-pair02,958,0025,0030,5,S,comm,
2025-07-24,trial-pair02,959,0020,0025,5,R,br,
2025-07-24,trial-pair02,960,0015,0020,5,P,notes,
2025-07-24,trial-pair02,961,0000,0015,15,F,yt,
2025-07-24,trial-pair02,962,2345,0000,15,P,school,
2025-07-24,trial-pair02,963,2325,2345,20,P,notes,
2025-07-24,trial-pair02,964,2300,2325,25,P,school,
2025-07-24,trial-pair02,965,2250,2300,10,P,work,
2025-07-24,trial-pair02,966,2245,2250,5,R,br,
2025-07-24,trial-pair02,967,2225,2245,20,S,areesh,
2025-07-24,trial-pair02,968,2220,2225,5,S,comm,
2025-07-24,trial-pair02,969,2215,2220,5,F,article,
2025-07-24,trial-pair02,970,2210,2215,5,P,school,
2025-07-24,trial-pair02,971,2200,2210,10,P,notes,
2025-07-24,trial-pair02,972,2155,2200,5,R,ready,
2025-07-24,trial-pair02,973,2150,2155,5,P,notes,
2025-07-24,trial-pair02,974,2135,2150,15,F,draw,
2025-07-24,trial-pair02,975,2130,2135,5,P,notes,
2025-07-24,trial-pair02,976,2125,2130,5,F,spanish,
2025-07-24,trial-pair02,977,2120,2125,5,S,comm,
2025-07-24,trial-pair02,978,2110,2120,10,R,ready,
2025-07-24,trial-pair02,979,2105,2110,5,R,shower,
2025-07-24,trial-pair02,980,2100,2105,5,P,notes,
2025-07-24,trial-pair02,981,2030,2100,30,S,tm Karson,
2025-07-24,trial-pair02,982,2000,2030,30,S,Karson,
2025-07-24,trial-pair02,983,1955,2000,5,R,ready,
2025-07-24,trial-pair02,984,1940,1955,15,E,eat,
2025-07-24,trial-pair02,985,1930,1940,10,R,walk,
2025-07-24,trial-pair02,986,1845,1930,45,W,workout,
2025-07-24,trial-pair02,987,1840,1845,5,S,Adeeba,
2025-07-24,trial-pair02,988,1750,1840,50,S,tm mom dad,
2025-07-24,trial-pair02,989,1745,1750,5,R,walk,
2025-07-24,trial-pair02,990,1740,1745,5,R,br,
2025-07-24,trial-pair02,991,1735,1740,5,R,walk,
2025-07-24,trial-pair02,992,1610,1735,85,P,work,
2025-07-24,trial-pair02,993,1605,1610,5,E,eat,
2025-07-24,trial-pair02,994,1515,1605,50,P,notes,
2025-07-24,trial-pair02,995,1415,1515,60,GOD,ministry,
2025-07-24,trial-pair02,996,1330,1415,45,S,Dee,
2025-07-24,trial-pair02,997,1315,1330,15,E,eat,
2025-07-24,trial-pair02,998,1310,1315,5,R,walk,
2025-07-24,trial-pair02,999,1305,1310,5,P,notes,
2025-07-24,trial-pair02,1000,1300,1305,5,S,comm,
2025-07-24,trial-pair02,1001,1250,1300,10,R,walk,
2025-07-24,trial-pair02,1002,1230,1250,20,R,poop,
2025-07-24,trial-pair02,1003,1225,1230,5,F,dawdle,
2025-07-24,trial-pair02,1004,1215,1225,10,P,work,
2025-07-24,trial-pair02,1005,1210,1215,5,F,think,
2025-07-24,trial-pair02,1006,1205,1210,5,P,school,
2025-07-24,trial-pair02,1007,1110,1205,55,P,work,
2025-07-24,trial-pair02,1008,1100,1110,10,F,dawdle,
2025-07-24,trial-pair02,1009,1050,1100,10,R,ready,
2025-07-24,trial-pair02,1010,1045,1050,5,W,workout,
2025-07-24,trial-pair02,1011,1040,1045,5,F,va,
2025-07-24,trial-pair02,1012,1030,1040,10,P,work,
2025-07-24,trial-pair02,1013,1025,1030,5,P,notes,
2025-07-24,trial-pair02,1014,1005,1025,20,R,poop,
2025-07-24,trial-pair02,1015,0950,1005,15,P,work,
2025-07-24,trial-pair02,1016,0945,0950,5,F,think,
2025-07-24,trial-pair02,1017,0935,0945,10,P,work,
2025-07-24,trial-pair02,1018,0930,0935,5,P,notes,
2025-07-24,trial-pair02,1019,0920,0930,10,P,notes,
2025-07-24,trial-pair02,1020,0910,0920,10,R,ready,
2025-07-24,trial-pair02,1021,0905,0910,5,F,dawdle,
2025-07-24,trial-pair02,1022,0855,0905,10,S,comm,
2025-07-24,trial-pair02,1023,0850,0855,5,P,school,
2025-07-24,trial-pair02,1024,0845,0850,5,R,ready,
2025-07-24,trial-pair02,1025,0840,0845,5,E,eat,
2025-07-24,trial-pair02,1026,0835,0840,5,R,br,
2025-07-24,trial-pair02,1027,0830,0835,5,F,music,
2025-07-23,trial-pair02,1031,0045,0055,10,R,ready,
2025-07-23,trial-pair02,1032,0040,0045,5,F,dawdle,
2025-07-23,trial-pair02,1033,0030,0040,10,S,Victor,
2025-07-23,trial-pair02,1034,2305,0030,85,P,work,
2025-07-23,trial-pair02,1035,2300,2305,5,S,comm,
2025-07-23,trial-pair02,1036,2240,2300,20,P,work,
2025-07-23,trial-pair02,1037,2235,2240,5,F,music,
2025-07-23,trial-pair02,1038,2225,2235,10,P,work,
2025-07-23,trial-pair02,1039,2215,2225,10,P,notes,
2025-07-23,trial-pair02,1040,2205,2215,10,P,work,
2025-07-23,trial-pair02,1041,2155,2205,10,F,music,
2025-07-23,trial-pair02,1042,2135,2155,20,F,yt,
2025-07-23,trial-pair02,1043,2125,2135,10,R,ready,
2025-07-23,trial-pair02,1044,2120,2125,5,E,eat,
2025-07-23,trial-pair02,1045,2115,2120,5,R,shower,
2025-07-23,trial-pair02,1046,2040,2115,35,P,tm work,
2025-07-23,trial-pair02,1047,2030,2040,10,R,ready,
2025-07-23,trial-pair02,1048,1950,2030,40,F,yt,
2025-07-23,trial-pair02,1049,1945,1950,5,P,work,
2025-07-23,trial-pair02,1050,1935,1945,10,F,article,
2025-07-23,trial-pair02,1051,1930,1935,5,E,cook,
2025-07-23,trial-pair02,1052,1910,1930,20,E,eat,
2025-07-23,trial-pair02,1053,1905,1910,5,S,Bridge,
2025-07-23,trial-pair02,1054,1855,1905,10,R,walk,
2025-07-23,trial-pair02,1055,1830,1855,25,W,workout,
2025-07-23,trial-pair02,1056,1825,1830,5,S,prajeeta,
2025-07-23,trial-pair02,1057,1820,1825,5,R,walk,
2025-07-23,trial-pair02,1058,1815,1820,5,R,br,
2025-07-23,trial-pair02,1059,1810,1815,5,P,notes,
2025-07-23,trial-pair02,1060,1735,1810,35,P,work,
2025-07-23,trial-pair02,1061,1730,1735,5,F,dawdle,
2025-07-23,trial-pair02,1062,1715,1730,15,P,notes,
2025-07-23,trial-pair02,1063,1705,1715,10,F,dawdle,
2025-07-23,trial-pair02,1064,1655,1705,10,R,walk,
2025-07-23,trial-pair02,1065,1650,1655,5,S,Dee,
2025-07-23,trial-pair02,1066,1540,1650,70,P,work,
2025-07-23,trial-pair02,1067,1535,1540,5,R,br,
2025-07-23,trial-pair02,1068,1530,1535,5,R,walk,
2025-07-23,trial-pair02,1069,1525,1530,5,E,eat,
2025-07-23,trial-pair02,1070,1415,1525,70,P,work,
2025-07-23,trial-pair02,1071,1410,1415,5,R,br,
2025-07-23,trial-pair02,1072,1405,1410,5,F,music,
2025-07-23,trial-pair02,1073,1305,1405,60,P,work,
2025-07-23,trial-pair02,1074,1300,1305,5,P,notes,
2025-07-23,trial-pair02,1075,1255,1300,5,S,REU,
2025-07-23,trial-pair02,1076,1245,1255,10,R,walk,
2025-07-23,trial-pair02,1077,1240,1245,5,R,ready,
2025-07-23,trial-pair02,1078,1235,1240,5,E,eat,
2025-07-23,trial-pair02,1079,1230,1235,5,R,ready,
2025-07-23,trial-pair02,1080,1210,1230,20,F,nap,
2025-07-23,trial-pair02,1081,1205,1210,5,S,comm,
2025-07-23,trial-pair02,1082,1125,1205,40,P,work,
2025-07-23,trial-pair02,1083,1120,1125,5,E,eat,
2025-07-23,trial-pair02,1084,1110,1120,10,F,think,
2025-07-23,trial-pair02,1085,1015,1110,55,P,work,
2025-07-23,trial-pair02,1086,1000,1015,15,P,notes,
2025-07-23,trial-pair02,1087,0955,1000,5,S,comm,
2025-07-23,trial-pair02,1088,0950,0955,5,P,notes,
2025-07-23,trial-pair02,1089,0940,0950,10,GOD,church,
2025-07-23,trial-pair02,1090,0920,0940,20,R,ready,
2025-07-23,trial-pair02,1091,0915,0920,5,F,yt,
2025-07-23,trial-pair02,1092,0855,0915,20,R,poop,
2025-07-23,trial-pair02,1093,0850,0855,5,R,ready,
2025-07-23,trial-pair02,1094,0845,0850,5,E,eat,
2025-07-22,trial-pair02,1098,2350,2355,5,R,ready,
2025-07-22,trial-pair02,1099,2330,2350,20,P,work,
2025-07-22,trial-pair02,1100,2325,2330,5,P,school,
2025-07-22,trial-pair02,1101,2305,2325,20,S,comm,
2025-07-22,trial-pair02,1102,2300,2305,5,P,notes,
2025-07-22,trial-pair02,1103,2255,2300,5,R,ready,
2025-07-22,trial-pair02,1104,2250,2255,5,R,laundry,
2025-07-22,trial-pair02,1105,2245,2250,5,P,notes,
2025-07-22,trial-pair02,1106,2240,2245,5,R,laundry,
2025-07-22,trial-pair02,1107,2235,2240,5,R,shower,
2025-07-22,trial-pair02,1108,2230,2235,5,R,walk,
2025-07-22,trial-pair02,1109,2210,2230,20,R,drive,
2025-07-22,trial-pair02,1110,2155,2210,15,W,workout,
2025-07-22,trial-pair02,1111,1955,2155,120,S,REU,
2025-07-22,trial-pair02,1112,1930,1955,25,E,eat,
2025-07-22,trial-pair02,1113,1845,1930,45,S,REU,
2025-07-22,trial-pair02,1114,1825,1845,20,R,drive,
2025-07-22,trial-pair02,1115,1820,1825,5,R,walk,
2025-07-22,trial-pair02,1116,1815,1820,5,F,dressup,
2025-07-22,trial-pair02,1117,1805,1815,10,R,ready,
2025-07-22,trial-pair02,1118,1800,1805,5,R,walk,
2025-07-22,trial-pair02,1119,1740,1800,20,R,poop,
2025-07-22,trial-pair02,1120,1735,1740,5,E,eat,
2025-07-22,trial-pair02,1121,1730,1735,5,P,notes,
2025-07-22,trial-pair02,1122,1725,1730,5,P,school,
2025-07-22,trial-pair02,1123,1720,1725,5,S,comm,
2025-07-22,trial-pair02,1124,1620,1720,60,P,work,
2025-07-22,trial-pair02,1125,1615,1620,5,S,comm,
2025-07-22,trial-pair02,1126,1540,1615,35,F,nap,
2025-07-22,trial-pair02,1127,1445,1540,55,P,school,
2025-07-22,trial-pair02,1128,1440,1445,5,P,work,
2025-07-22,trial-pair02,1129,1425,1440,15,S,comm,
2025-07-22,trial-pair02,1130,1415,1425,10,P,work,
2025-07-22,trial-pair02,1131,1410,1415,5,R,shower,
2025-07-22,trial-pair02,1132,1405,1410,5,R,ready,
2025-07-22,trial-pair02,1133,1355,1405,10,E,eat,
2025-07-22,trial-pair02,1134,1350,1355,5,S,Pavan,
2025-07-22,trial-pair02,1135,1345,1350,5,R,ready,
2025-07-22,trial-pair02,1136,1335,1345,10,R,walk,
2025-07-22,trial-pair02,1137,1320,1335,15,S,Dee,
2025-07-22,trial-pair02,1138,1255,1320,25,E,eat,
2025-07-22,trial-pair02,1139,1245,1255,10,R,walk,
2025-07-22,trial-pair02,1140,1235,1245,10,S,comm,
2025-07-22,trial-pair02,1141,1210,1235,25,F,nap,
2025-07-22,trial-pair02,1142,1205,1210,5,R,walk,
2025-07-22,trial-pair02,1143,1120,1205,45,W,workout,
2025-07-22,trial-pair02,1144,1110,1120,10,R,walk,
2025-07-22,trial-pair02,1145,1105,1110,5,F,dawdle,
2025-07-22,trial-pair02,1146,1050,1105,15,E,eat,
2025-07-22,trial-pair02,1147,1045,1050,5,R,laundry,
2025-07-22,trial-pair02,1148,1020,1045,25,F,nap,
2025-07-22,trial-pair02,1149,1015,1020,5,P,work,
2025-07-22,trial-pair02,1150,1010,1015,5,S,Pavan,
2025-07-22,trial-pair02,1151,1005,1010,5,F,dawdle,
2025-07-22,trial-pair02,1152,1000,1005,5,R,laundry,
2025-07-22,trial-pair02,1153,0950,1000,10,R,clean,
2025-07-22,trial-pair02,1154,0945,0950,5,R,walk,
2025-07-22,trial-pair02,1155,0930,0945,15,R,poop,
2025-07-22,trial-pair02,1156,0925,0930,5,F,dawdle,
2025-07-22,trial-pair02,1157,0920,0925,5,R,ready,
2025-07-22,trial-pair02,1158,0910,0920,10,R,clean,
2025-07-22,trial-pair02,1159,0900,0910,10,E,cook,
2025-07-22,trial-pair02,1160,0855,0900,5,R,ready,
2025-07-22,trial-pair02,1161,0835,0855,20,GOD,qt,
2025-07-22,trial-pair02,1162,0830,0835,5,GOD,pray,
2025-07-22,trial-pair02,1163,0825,0830,5,F,think,
2025-07-22,trial-pair02,1164,0815,0825,10,R,ready,
2025-07-22,trial-pair02,1165,0810,0815,5,R,shower,
2025-07-21,trial-pair02,1169,0120,0130,10,R,clean,
2025-07-21,trial-pair02,1170,0000,0120,80,F,dawdle...,
2025-07-21,trial-pair02,1171,2350,0000,10,R,ready,
2025-07-21,trial-pair02,1172,2340,2350,10,R,shower,
2025-07-21,trial-pair02,1173,2320,2340,20,S,victor,
2025-07-21,trial-pair02,1174,2315,2320,5,P,notes,
2025-07-21,trial-pair02,1175,2310,2315,5,R,walk,
2025-07-21,trial-pair02,1176,2305,2310,5,E,eat,
2025-07-21,trial-pair02,1177,2255,2305,10,F,think,
2025-07-21,trial-pair02,1178,2145,2255,70,R,cut,
2025-07-21,trial-pair02,1179,2140,2145,5,E,eat,
2025-07-21,trial-pair02,1180,2105,2140,35,P,tm work,
2025-07-21,trial-pair02,1181,2100,2105,5,E,cook,
2025-07-21,trial-pair02,1182,2040,2100,20,P,tm work,
2025-07-21,trial-pair02,1183,2035,2040,5,S,comm,
2025-07-21,trial-pair02,1184,2005,2035,30,P,tm work,
2025-07-21,trial-pair02,1185,2000,2005,5,P,tm school,
2025-07-21,trial-pair02,1186,1955,2000,5,S,tm comm,
2025-07-21,trial-pair02,1187,1945,1955,10,P,tm school,
2025-07-21,trial-pair02,1188,1935,1945,10,E,eat,
2025-07-21,trial-pair02,1189,1800,1935,95,F,yt,
2025-07-21,trial-pair02,1190,1750,1800,10,F,nap,
2025-07-21,trial-pair02,1191,1745,1750,5,F,think,
2025-07-21,trial-pair02,1192,1740,1745,5,E,eat,
2025-07-21,trial-pair02,1193,1720,1740,20,R,poop,
2025-07-21,trial-pair02,1194,1605,1720,75,P,school,
2025-07-21,trial-pair02,1195,1600,1605,5,W,workout,
2025-07-21,trial-pair02,1196,1540,1600,20,P,school,
2025-07-21,trial-pair02,1197,1530,1540,10,P,notes,
2025-07-21,trial-pair02,1198,1510,1530,20,F,article,
2025-07-21,trial-pair02,1199,1455,1510,15,E,eat,
2025-07-21,trial-pair02,1200,1450,1455,5,S,Dan,
2025-07-21,trial-pair02,1201,1440,1450,10,R,walk,
2025-07-21,trial-pair02,1202,1350,1440,50,W,workout,
2025-07-21,trial-pair02,1203,1340,1350,10,R,walk,
2025-07-21,trial-pair02,1204,1300,1340,40,P,work,
2025-07-21,trial-pair02,1205,1255,1300,5,R,br,
2025-07-21,trial-pair02,1206,1230,1255,25,E,eat,
2025-07-21,trial-pair02,1207,1100,1230,90,P,work,
2025-07-21,trial-pair02,1208,1045,1100,15,R,poop,
2025-07-21,trial-pair02,1209,1000,1045,45,P,school,
2025-07-21,trial-pair02,1210,0920,1000,40,P,work,
2025-07-21,trial-pair02,1211,0910,0920,10,P,notes,
2025-07-21,trial-pair02,1212,0855,0910,15,R,walk,
2025-07-21,trial-pair02,1213,0850,0855,5,E,eat,
2025-07-21,trial-pair02,1214,0845,0850,5,GOD,church,
2025-07-21,trial-pair02,1215,0830,0845,15,R,ready,
2025-07-21,trial-pair02,1216,0825,0830,5,F,yt,
2025-07-21,trial-pair02,1217,0815,0825,10,R,ready,
2025-07-21,trial-pair02,1218,0810,0815,5,F,music,
2025-07-20,trial-pair02,1222,0055,0110,15,GOD,pray,
2025-07-20,trial-pair02,1223,0045,0055,10,P,notes,
2025-07-20,trial-pair02,1224,0015,0045,30,F,dawdle…,
2025-07-20,trial-pair02,1225,0010,0015,5,R,ready,
2025-07-20,trial-pair02,1226,2350,0010,20,S,comm,
2025-07-20,trial-pair02,1227,2345,2350,5,R,ready,
2025-07-20,trial-pair02,1228,2335,2345,10,R,shower,
2025-07-20,trial-pair02,1229,2240,2335,55,P,tm school,
2025-07-20,trial-pair02,1230,2225,2240,15,R,ready,
2025-07-20,trial-pair02,1231,2210,2225,15,E,eat,
2025-07-20,trial-pair02,1232,2205,2210,5,R,walk,
2025-07-20,trial-pair02,1233,2200,2205,5,P,work,
2025-07-20,trial-pair02,1234,2155,2200,5,F,music,
2025-07-20,trial-pair02,1235,2110,2155,45,W,workout,
2025-07-20,trial-pair02,1236,2100,2110,10,F,explore,
2025-07-20,trial-pair02,1237,2045,2100,15,E,eat,
2025-07-20,trial-pair02,1238,2040,2045,5,R,ready,
2025-07-20,trial-pair02,1239,2030,2040,10,S,giselle,
2025-07-20,trial-pair02,1240,2025,2030,5,R,walk,
2025-07-20,trial-pair02,1241,2015,2025,10,P,school,
2025-07-20,trial-pair02,1242,1930,2015,45,S,giselle,
2025-07-20,trial-pair02,1243,1925,1930,5,R,walk,
2025-07-20,trial-pair02,1244,1920,1925,5,E,cook,
2025-07-20,trial-pair02,1245,1915,1920,5,F,words,
2025-07-20,trial-pair02,1246,1710,1915,125,P,work,
2025-07-20,trial-pair02,1247,1705,1710,5,F,think,
2025-07-20,trial-pair02,1248,1700,1705,5,E,eat,
2025-07-20,trial-pair02,1249,1655,1700,5,P,notes,
2025-07-20,trial-pair02,1250,1635,1655,20,S,anna,
2025-07-20,trial-pair02,1251,1625,1635,10,P,work,
2025-07-20,trial-pair02,1252,1620,1625,5,W,workout,
2025-07-20,trial-pair02,1253,1615,1620,5,E,eat,
2025-07-20,trial-pair02,1254,1435,1615,100,P,work,
2025-07-20,trial-pair02,1255,1430,1435,5,E,eat,
2025-07-20,trial-pair02,1256,1410,1430,20,F,nap,
2025-07-20,trial-pair02,1257,1405,1410,5,P,work,
2025-07-20,trial-pair02,1258,1400,1405,5,W,workout,
2025-07-20,trial-pair02,1259,1355,1400,5,F,phone,
2025-07-20,trial-pair02,1260,1350,1355,5,P,work,
2025-07-20,trial-pair02,1261,1345,1350,5,P,notes,
2025-07-20,trial-pair02,1262,1330,1345,15,R,ready,
2025-07-20,trial-pair02,1263,1325,1330,5,E,eat,
2025-07-20,trial-pair02,1264,1320,1325,5,E,cook,
2025-07-20,trial-pair02,1265,1315,1320,5,R,walk,
2025-07-20,trial-pair02,1266,1300,1315,15,R,drive,
2025-07-20,trial-pair02,1267,1255,1300,5,R,walk,
2025-07-20,trial-pair02,1268,1230,1255,25,R,shop,
2025-07-20,trial-pair02,1269,1220,1230,10,F,dawdle,
2025-07-20,trial-pair02,1270,1210,1220,10,R,drive,
2025-07-20,trial-pair02,1271,1205,1210,5,F,gw,
2025-07-20,trial-pair02,1272,1155,1205,10,R,shop,
2025-07-20,trial-pair02,1273,1145,1155,10,R,drive,
2025-07-20,trial-pair02,1274,1130,1145,15,S,Morgan,
2025-07-20,trial-pair02,1275,1005,1130,85,GOD,church,
2025-07-20,trial-pair02,1276,0940,1005,25,R,drive,
2025-07-20,trial-pair02,1277,0935,0940,5,R,walk,
2025-07-20,trial-pair02,1278,0920,0935,15,R,ready,
2025-07-20,trial-pair02,1279,0900,0920,20,R,poop,
2025-07-20,trial-pair02,1280,0850,0900,10,P,work,
2025-07-20,trial-pair02,1281,0835,0850,15,P,school,
2025-07-20,trial-pair02,1282,0830,0835,5,F,article,
2025-07-20,trial-pair02,1283,0825,0830,5,P,school,
2025-07-20,trial-pair02,1284,0810,0825,15,P,notes,
2025-07-20,trial-pair02,1285,0805,0810,5,GOD,pray,
2025-07-20,trial-pair02,1286,0800,0805,5,W,stretch,
2025-07-20,trial-pair02,1287,0755,0800,5,F,dressup,
2025-07-20,trial-pair02,1288,0745,0755,10,R,ready,
2025-07-19,trial-pair02,1292,2325,2335,10,R,ready,
2025-07-19,trial-pair02,1293,2320,2325,5,R,shower,
2025-07-19,trial-pair02,1294,2315,2320,5,R,walk,
2025-07-19,trial-pair02,1295,2310,2315,5,F,think,
2025-07-19,trial-pair02,1296,2245,2310,25,P,work,
2025-07-19,trial-pair02,1297,2230,2245,15,F,yt,
2025-07-19,trial-pair02,1298,2210,2230,20,P,work,
2025-07-19,trial-pair02,1299,2205,2210,5,R,br,
2025-07-19,trial-pair02,1300,2155,2205,10,P,school,
2025-07-19,trial-pair02,1301,2140,2155,15,P,work,
2025-07-19,trial-pair02,1302,2135,2140,5,F,think,
2025-07-19,trial-pair02,1303,2130,2135,5,P,notes,
2025-07-19,trial-pair02,1304,2120,2130,10,P,school,
2025-07-19,trial-pair02,1305,2115,2120,5,W,workout,
2025-07-19,trial-pair02,1306,2110,2115,5,P,school,
2025-07-19,trial-pair02,1307,2020,2110,50,P,work,
2025-07-19,trial-pair02,1308,2005,2020,15,P,school,
2025-07-19,trial-pair02,1309,1955,2005,10,P,notes,
2025-07-19,trial-pair02,1310,1940,1955,15,E,eat,
2025-07-19,trial-pair02,1311,1935,1940,5,R,walk,
2025-07-19,trial-pair02,1312,1835,1935,60,GOD,ministry,
2025-07-19,trial-pair02,1313,1605,1835,150,S,Victor,
2025-07-19,trial-pair02,1314,1555,1605,10,R,walk,
2025-07-19,trial-pair02,1315,1550,1555,5,S,comm,
2025-07-19,trial-pair02,1316,1520,1550,30,F,nap,
2025-07-19,trial-pair02,1317,1510,1520,10,W,exercise,
2025-07-19,trial-pair02,1318,1505,1510,5,R,cut,
2025-07-19,trial-pair02,1319,1500,1505,5,F,soccer,
2025-07-19,trial-pair02,1320,1450,1500,10,R,walk,
2025-07-19,trial-pair02,1321,1445,1450,5,F,dawdle...,
2025-07-19,trial-pair02,1322,1440,1445,5,R,ready,
2025-07-19,trial-pair02,1323,1430,1440,10,E,eat,
2025-07-19,trial-pair02,1324,1420,1430,10,F,spanish,
2025-07-19,trial-pair02,1325,1400,1420,20,P,work,
2025-07-19,trial-pair02,1326,1355,1400,5,F,spanish,
2025-07-19,trial-pair02,1327,1350,1355,5,W,workout,
2025-07-19,trial-pair02,1328,1335,1350,15,P,work,
2025-07-19,trial-pair02,1329,1330,1335,5,P,notes,
2025-07-19,trial-pair02,1330,1325,1330,5,W,workout,
2025-07-19,trial-pair02,1331,1320,1325,5,R,ready,
2025-07-19,trial-pair02,1332,1305,1320,15,R,shower,
2025-07-19,trial-pair02,1333,1245,1305,20,F,dawdle…,
2025-07-19,trial-pair02,1334,1235,1245,10,F,think,
2025-07-19,trial-pair02,1335,1225,1235,10,P,work,
2025-07-19,trial-pair02,1336,1215,1225,10,F,spanish,
2025-07-19,trial-pair02,1337,1210,1215,5,F,yt,
2025-07-19,trial-pair02,1338,1200,1210,10,P,notes,
2025-07-19,trial-pair02,1339,1155,1200,5,F,think,
2025-07-19,trial-pair02,1340,1145,1155,10,F,dawdle…,
2025-07-19,trial-pair02,1341,1140,1145,5,R,walk,
2025-07-19,trial-pair02,1342,1115,1140,25,R,poop,
2025-07-19,trial-pair02,1343,1110,1115,5,R,walk,
2025-07-19,trial-pair02,1344,1105,1110,5,R,ready,
2025-07-19,trial-pair02,1345,1100,1105,5,P,notes,
2025-07-19,trial-pair02,1346,1055,1100,5,S,comm,
2025-07-19,trial-pair02,1347,1040,1055,15,GOD,journal,
2025-07-19,trial-pair02,1348,1035,1040,5,F,article,
2025-07-19,trial-pair02,1349,1030,1035,5,GOD,journal,
2025-07-19,trial-pair02,1350,1020,1030,10,P,notes,
2025-07-19,trial-pair02,1351,1015,1020,5,W,workout,
2025-07-19,trial-pair02,1352,1010,1015,5,F,think,
2025-07-19,trial-pair02,1353,1000,1010,10,R,ready,
2025-07-19,trial-pair02,1354,0955,1000,5,R,ready,
2025-07-19,trial-pair02,1355,0945,0955,10,E,cook,
2025-07-19,trial-pair02,1356,0935,0945,10,R,ready,
2025-07-19,trial-pair02,1357,0930,0935,5,E,eat,
2025-07-19,trial-pair02,1358,0925,0930,5,F,think,
2025-07-19,trial-pair02,1359,0905,0925,20,GOD,qt,
2025-07-19,trial-pair02,1360,0900,0905,5,E,eat,
2025-07-19,trial-pair02,1361,0835,0900,25,R,ready,
2025-07-19,trial-pair02,1362,0830,0835,5,GOD,pray,
2025-07-18,trial-pair02,1367,0005,0010,5,F,dressup,
2025-07-18,trial-pair02,1368,2350,0005,15,R,ready,
2025-07-18,trial-pair02,1369,2320,2350,30,P,work,
2025-07-18,trial-pair02,1370,2300,2320,20,F,dawdle,
2025-07-18,trial-pair02,1371,2255,2300,5,F,photos,
2025-07-18,trial-pair02,1372,2220,2255,35,P,work,
2025-07-18,trial-pair02,1373,2215,2220,5,P,notes,
2025-07-18,trial-pair02,1374,2210,2215,5,S,comm,
2025-07-18,trial-pair02,1375,2200,2210,10,P,notes,
2025-07-18,trial-pair02,1376,2155,2200,5,W,workout,
2025-07-18,trial-pair02,1377,2150,2155,5,F,think,
2025-07-18,trial-pair02,1378,2145,2150,5,E,eat,
2025-07-18,trial-pair02,1379,2135,2145,10,R,ready,
2025-07-18,trial-pair02,1380,2130,2135,5,R,laundry,
2025-07-18,trial-pair02,1381,2100,2130,30,S,Pavan,
2025-07-18,trial-pair02,1382,2050,2100,10,P,tm notes,
2025-07-18,trial-pair02,1383,2030,2050,20,S,tm dad,
2025-07-18,trial-pair02,1384,2020,2030,10,R,ready,
2025-07-18,trial-pair02,1385,2015,2020,5,E,eat,
2025-07-18,trial-pair02,1386,2010,2015,5,P,work,
2025-07-18,trial-pair02,1387,2000,2010,10,S,Giselle,
2025-07-18,trial-pair02,1388,1955,2000,5,R,shower,
2025-07-18,trial-pair02,1389,1935,1955,20,E,eat,
2025-07-18,trial-pair02,1390,1930,1935,5,S,Karson,
2025-07-18,trial-pair02,1391,1920,1930,10,R,walk,
2025-07-18,trial-pair02,1392,1835,1920,45,W,workout,
2025-07-18,trial-pair02,1393,1830,1835,5,R,walk,
2025-07-18,trial-pair02,1394,1805,1830,25,R,poop,
2025-07-18,trial-pair02,1395,1800,1805,5,E,eat,
2025-07-18,trial-pair02,1396,1750,1800,10,F,music,
2025-07-18,trial-pair02,1397,1740,1750,10,P,notes,
2025-07-18,trial-pair02,1398,1735,1740,5,E,eat,
2025-07-18,trial-pair02,1399,1725,1735,10,P,work,
2025-07-18,trial-pair02,1400,1600,1725,85,P,school,
2025-07-18,trial-pair02,1401,1555,1600,5,E,eat,
2025-07-18,trial-pair02,1402,1525,1555,30,P,school,
2025-07-18,trial-pair02,1403,1520,1525,5,P,work,
2025-07-18,trial-pair02,1404,1505,1520,15,P,notes,
2025-07-18,trial-pair02,1405,1455,1505,10,P,work,
2025-07-18,trial-pair02,1406,1435,1455,20,P,school,
2025-07-18,trial-pair02,1407,1415,1435,20,F,words,
2025-07-18,trial-pair02,1408,1355,1415,20,P,school,
2025-07-18,trial-pair02,1409,1350,1355,5,W,workout,
2025-07-18,trial-pair02,1410,1335,1350,15,P,school,
2025-07-18,trial-pair02,1411,1325,1335,10,E,eat,
2025-07-18,trial-pair02,1412,1315,1325,10,P,school,
2025-07-18,trial-pair02,1413,1310,1315,5,S,comm,
2025-07-18,trial-pair02,1414,1305,1310,5,P,notes,
2025-07-18,trial-pair02,1415,1210,1305,55,P,school,
2025-07-18,trial-pair02,1416,1205,1210,5,F,music,
2025-07-18,trial-pair02,1417,1200,1205,5,R,br,
2025-07-18,trial-pair02,1418,0955,1200,125,P,school,
2025-07-18,trial-pair02,1419,0950,0955,5,P,notes,
2025-07-18,trial-pair02,1420,0940,0950,10,R,walk,
2025-07-18,trial-pair02,1421,0915,0940,25,R,poop,
2025-07-18,trial-pair02,1422,0910,0915,5,F,think,
2025-07-18,trial-pair02,1423,0905,0910,5,R,walk,
2025-07-18,trial-pair02,1424,0900,0905,5,F,think,
2025-07-18,trial-pair02,1425,0850,0900,10,R,ready,
2025-07-18,trial-pair02,1426,0835,0850,15,GOD,qt,
2025-07-18,trial-pair02,1427,0830,0835,5,GOD,pray,
2025-07-18,trial-pair02,1428,0815,0830,15,E,eat,
2025-07-18,trial-pair02,1429,0755,0815,20,R,ready,
2025-07-17,trial-pair02,1433,2310,2315,5,R,ready,
2025-07-17,trial-pair02,1434,2255,2310,15,P,notes,
2025-07-17,trial-pair02,1435,2240,2255,15,P,work,
2025-07-17,trial-pair02,1436,2235,2240,5,F,think,
2025-07-17,trial-pair02,1437,2230,2235,5,W,workout,
2025-07-17,trial-pair02,1438,2205,2230,25,P,notes,
2025-07-17,trial-pair02,1439,2200,2205,5,R,ready,
2025-07-17,trial-pair02,1440,2145,2200,15,P,notes,
2025-07-17,trial-pair02,1441,2140,2145,5,S,Carmen,
2025-07-17,trial-pair02,1442,2135,2140,5,S,Anna,
2025-07-17,trial-pair02,1443,2100,2135,35,S,REU,
2025-07-17,trial-pair02,1444,2025,2100,35,P,school,
2025-07-17,trial-pair02,1445,2020,2025,5,F,yt,
2025-07-17,trial-pair02,1446,2015,2020,5,F,words,
2025-07-17,trial-pair02,1447,2010,2015,5,P,notes,
2025-07-17,trial-pair02,1448,2000,2010,10,R,ready,
2025-07-17,trial-pair02,1449,1955,2000,5,R,shower,
2025-07-17,trial-pair02,1450,1950,1955,5,W,exercise,
2025-07-17,trial-pair02,1451,1945,1950,5,F,tm grok,
2025-07-17,trial-pair02,1452,1925,1945,20,S,tm comm,
2025-07-17,trial-pair02,1453,1905,1925,20,E,eat,
2025-07-17,trial-pair02,1454,1900,1905,5,R,walk,
2025-07-17,trial-pair02,1455,1850,1900,10,S,ramon,
2025-07-17,trial-pair02,1456,1845,1850,5,R,shop,
2025-07-17,trial-pair02,1457,1825,1845,20,R,walk,
2025-07-17,trial-pair02,1458,1745,1825,40,W,workout,
2025-07-17,trial-pair02,1459,1735,1745,10,S,mom,
2025-07-17,trial-pair02,1460,1725,1735,10,R,walk,
2025-07-17,trial-pair02,1461,1720,1725,5,R,br,
2025-07-17,trial-pair02,1462,1600,1720,80,P,work,
2025-07-17,trial-pair02,1463,1555,1600,5,R,walk,
2025-07-17,trial-pair02,1464,1405,1555,110,P,work,
2025-07-17,trial-pair02,1465,1400,1405,5,E,eat,
2025-07-17,trial-pair02,1466,1345,1400,15,P,work,
2025-07-17,trial-pair02,1467,1335,1345,10,R,walk,
2025-07-17,trial-pair02,1468,1325,1335,10,R,ready,
2025-07-17,trial-pair02,1469,1320,1325,5,E,eat,
2025-07-17,trial-pair02,1470,1305,1320,15,P,work,
2025-07-17,trial-pair02,1471,1255,1305,10,P,notes,
2025-07-17,trial-pair02,1472,1250,1255,5,P,school,
2025-07-17,trial-pair02,1473,1245,1250,5,E,eat,
2025-07-17,trial-pair02,1474,1240,1245,5,R,ready,
2025-07-17,trial-pair02,1475,1225,1240,15,GOD,pray,
2025-07-17,trial-pair02,1476,1215,1225,10,P,work,
2025-07-17,trial-pair02,1477,1210,1215,5,F,yt,
2025-07-17,trial-pair02,1478,1040,1210,90,P,work,
2025-07-17,trial-pair02,1479,1030,1040,10,P,notes,
2025-07-17,trial-pair02,1480,1025,1030,5,F,think,
2025-07-17,trial-pair02,1481,1015,1025,10,S,comm,
2025-07-17,trial-pair02,1482,1005,1015,10,P,business,
2025-07-17,trial-pair02,1483,0955,1005,10,R,ready,
2025-07-17,trial-pair02,1484,0940,0955,15,GOD,pray,
2025-07-17,trial-pair02,1485,0935,0940,5,F,think,
2025-07-17,trial-pair02,1486,0925,0935,10,R,ready,
2025-07-17,trial-pair02,1487,0915,0925,10,R,ready,
2025-07-17,trial-pair02,1488,0825,0915,50,P,work,
2025-07-17,trial-pair02,1489,0820,0825,5,S,comm,
2025-07-17,trial-pair02,1490,0810,0820,10,P,notes,
2025-07-17,trial-pair02,1491,0805,0810,5,R,ready,
2025-07-17,trial-pair02,1492,0800,0805,5,R,shower,
2025-07-17,trial-pair02,1493,0730,0800,30,F,dawdle…,
2025-07-17,trial-pair02,1494,0725,0730,5,F,think,
2025-07-16,trial-pair02,1498,2330,2345,15,R,ready,
2025-07-16,trial-pair02,1499,2325,2330,5,R,walk,
2025-07-16,trial-pair02,1500,2200,2325,85,F,yt,
2025-07-16,trial-pair02,1501,2155,2200,5,P,work,
2025-07-16,trial-pair02,1502,2140,2155,15,F,music,
2025-07-16,trial-pair02,1503,2135,2140,5,F,think,
2025-07-16,trial-pair02,1504,2130,2135,5,R,walk,
2025-07-16,trial-pair02,1505,2110,2130,20,P,work,
2025-07-16,trial-pair02,1506,2105,2110,5,E,eat,
2025-07-16,trial-pair02,1507,2100,2105,5,R,walk,
2025-07-16,trial-pair02,1508,2000,2100,60,P,work,
2025-07-16,trial-pair02,1509,1940,2000,20,S,giselle,
2025-07-16,trial-pair02,1510,1935,1940,5,R,ready,
2025-07-16,trial-pair02,1511,1915,1935,20,E,eat,
2025-07-16,trial-pair02,1512,1910,1915,5,S,Shreya,
2025-07-16,trial-pair02,1513,1900,1910,10,R,walk,
2025-07-16,trial-pair02,1514,1825,1900,35,P,work,
2025-07-16,trial-pair02,1515,1820,1825,5,F,dawdle,
2025-07-16,trial-pair02,1516,1735,1820,45,P,work,
2025-07-16,trial-pair02,1517,1730,1735,5,W,workout,
2025-07-16,trial-pair02,1518,1705,1730,25,P,work,
2025-07-16,trial-pair02,1519,1700,1705,5,P,notes,
2025-07-16,trial-pair02,1520,1650,1700,10,F,article,
2025-07-16,trial-pair02,1521,1635,1650,15,P,work,
2025-07-16,trial-pair02,1522,1630,1635,5,R,br,
2025-07-16,trial-pair02,1523,1615,1630,15,P,work,
2025-07-16,trial-pair02,1524,1600,1615,15,P,school,
2025-07-16,trial-pair02,1525,1500,1600,60,P,work,
2025-07-16,trial-pair02,1526,1455,1500,5,F,nap,
2025-07-16,trial-pair02,1527,1450,1455,5,F,think,
2025-07-16,trial-pair02,1528,1440,1450,10,P,school,
2025-07-16,trial-pair02,1529,1435,1440,5,E,eat,
2025-07-16,trial-pair02,1530,1430,1435,5,P,notes,
2025-07-16,trial-pair02,1531,1405,1430,25,P,work,
2025-07-16,trial-pair02,1532,1400,1405,5,S,comm,
2025-07-16,trial-pair02,1533,1330,1400,30,P,work,
2025-07-16,trial-pair02,1534,1310,1330,20,P,notes,
2025-07-16,trial-pair02,1535,1305,1310,5,F,music,
2025-07-16,trial-pair02,1536,1300,1305,5,S,comm,
2025-07-16,trial-pair02,1537,1255,1300,5,F,dawdle,
2025-07-16,trial-pair02,1538,1245,1255,10,E,eat,
2025-07-16,trial-pair02,1539,1235,1245,10,P,notes,
2025-07-16,trial-pair02,1540,1225,1235,10,R,walk,
2025-07-16,trial-pair02,1541,1130,1225,55,F,nap,
2025-07-16,trial-pair02,1542,1120,1130,10,W,workout,
2025-07-16,trial-pair02,1543,1110,1120,10,R,walk,
2025-07-16,trial-pair02,1544,1105,1110,5,E,eat,
2025-07-16,trial-pair02,1545,1055,1105,10,GOD,pray,
2025-07-16,trial-pair02,1546,1050,1055,5,F,think,
2025-07-16,trial-pair02,1547,1045,1050,5,P,school,
2025-07-16,trial-pair02,1548,1040,1045,5,F,think,
2025-07-16,trial-pair02,1549,1030,1040,10,P,school,
2025-07-16,trial-pair02,1550,1025,1030,5,F,words,
2025-07-16,trial-pair02,1551,0930,1025,55,P,notes,
2025-07-16,trial-pair02,1552,0925,0930,5,F,dawdle…,
2025-07-16,trial-pair02,1553,0920,0925,5,E,eat,
2025-07-16,trial-pair02,1554,0900,0920,20,R,ready,
2025-07-16,trial-pair02,1555,0850,0900,10,F,nap,
2025-07-16,trial-pair02,1556,0830,0850,20,R,poop,
2025-07-16,trial-pair02,1557,0825,0830,5,R,ready,
2025-07-16,trial-pair02,1558,0820,0825,5,E,eat,
2025-07-16,trial-pair02,1559,0805,0820,15,GOD,qt,
2025-07-16,trial-pair02,1560,0800,0805,5,GOD,pray,
2025-07-16,trial-pair02,1561,0755,0800,5,R,ready,
2025-07-15,trial-pair02,1565,2255,2335,40,P,notes,
2025-07-15,trial-pair02,1566,2250,2255,5,R,ready,
2025-07-15,trial-pair02,1567,2245,2250,5,R,walk,
2025-07-15,trial-pair02,1568,2235,2245,10,R,drive,
2025-07-15,trial-pair02,1569,2220,2235,15,R,walk,
2025-07-15,trial-pair02,1570,2115,2220,65,S,Morgan,
2025-07-15,trial-pair02,1571,2100,2115,15,S,Janelle,
2025-07-15,trial-pair02,1572,1905,2100,115,GOD,church,
2025-07-15,trial-pair02,1573,1850,1905,15,R,drive,
2025-07-15,trial-pair02,1574,1845,1850,5,R,walk,
2025-07-15,trial-pair02,1575,1835,1845,10,R,ready,
2025-07-15,trial-pair02,1576,1830,1835,5,F,think,
2025-07-15,trial-pair02,1577,1820,1830,10,F,nap,
2025-07-15,trial-pair02,1578,1815,1820,5,E,eat,
2025-07-15,trial-pair02,1579,1730,1815,45,P,work,
2025-07-15,trial-pair02,1580,1725,1730,5,E,eat,
2025-07-15,trial-pair02,1581,1720,1725,5,P,notes,
2025-07-15,trial-pair02,1582,1710,1720,10,F,words,
2025-07-15,trial-pair02,1583,1640,1710,30,P,work,
2025-07-15,trial-pair02,1584,1635,1640,5,P,school,
2025-07-15,trial-pair02,1585,1625,1635,10,P,notes,
2025-07-15,trial-pair02,1586,1615,1625,10,F,yt,
2025-07-15,trial-pair02,1587,1555,1615,20,P,school,
2025-07-15,trial-pair02,1588,1550,1555,5,R,ready,
2025-07-15,trial-pair02,1589,1535,1550,15,E,eat,
2025-07-15,trial-pair02,1590,1525,1535,10,R,shower,
2025-07-15,trial-pair02,1591,1515,1525,10,R,walk,
2025-07-15,trial-pair02,1592,1435,1515,40,W,workout,
2025-07-15,trial-pair02,1593,1425,1435,10,R,walk,
2025-07-15,trial-pair02,1594,1420,1425,5,R,laundry,
2025-07-15,trial-pair02,1595,1415,1420,5,P,notes,
2025-07-15,trial-pair02,1596,1405,1415,10,R,poop,
2025-07-15,trial-pair02,1597,1400,1405,5,E,eat,
2025-07-15,trial-pair02,1598,1355,1400,5,F,soccer,
2025-07-15,trial-pair02,1599,1345,1355,10,P,school,
2025-07-15,trial-pair02,1600,1340,1345,5,P,work,
2025-07-15,trial-pair02,1601,1325,1340,15,P,notes,
2025-07-15,trial-pair02,1602,1320,1325,5,R,laundry,
2025-07-15,trial-pair02,1603,1305,1320,15,S,REU,
2025-07-15,trial-pair02,1604,1300,1305,5,R,walk,
2025-07-15,trial-pair02,1605,0950,1300,190,E,cook,
2025-07-15,trial-pair02,1606,0945,0950,5,P,notes,
2025-07-15,trial-pair02,1607,0940,0945,5,P,school,
2025-07-15,trial-pair02,1608,0935,0940,5,P,work,
2025-07-15,trial-pair02,1609,0930,0935,5,R,walk,
2025-07-15,trial-pair02,1610,0925,0930,5,S,others,
2025-07-15,trial-pair02,1611,0825,0925,60,E,cook,
2025-07-15,trial-pair02,1612,0815,0825,10,R,ready,
2025-07-15,trial-pair02,1613,0810,0815,5,E,eat,
2025-07-15,trial-pair02,1614,0805,0810,5,R,ready,
2025-07-14,trial-pair02,1618,2315,2335,20,F,dawdle...,
2025-07-14,trial-pair02,1619,2310,2315,5,R,ready,
2025-07-14,trial-pair02,1620,2245,2310,25,P,work,
2025-07-14,trial-pair02,1621,2240,2245,5,S,comm,
2025-07-14,trial-pair02,1622,2230,2240,10,P,work,
2025-07-14,trial-pair02,1623,2225,2230,5,S,Victor,
2025-07-14,trial-pair02,1624,2215,2225,10,P,school,
2025-07-14,trial-pair02,1625,2155,2215,20,S,Areesh,
2025-07-14,trial-pair02,1626,2150,2155,5,E,eat,
2025-07-14,trial-pair02,1627,2145,2150,5,P,notes,
2025-07-14,trial-pair02,1628,2115,2145,30,P,school,
2025-07-14,trial-pair02,1629,2110,2115,5,P,notes,
2025-07-14,trial-pair02,1630,2105,2110,5,P,work,
2025-07-14,trial-pair02,1631,2045,2105,20,P,work,
2025-07-14,trial-pair02,1632,2035,2045,10,E,eat,
2025-07-14,trial-pair02,1633,2025,2035,10,R,shower,
2025-07-14,trial-pair02,1634,1950,2025,35,P,work,
2025-07-14,trial-pair02,1635,1945,1950,5,F,think,
2025-07-14,trial-pair02,1636,1935,1945,10,P,notes,
2025-07-14,trial-pair02,1637,1930,1935,5,R,ready,
2025-07-14,trial-pair02,1638,1915,1930,15,S,mom,
2025-07-14,trial-pair02,1639,1855,1915,20,E,eat,
2025-07-14,trial-pair02,1640,1845,1855,10,R,walk,
2025-07-14,trial-pair02,1641,1835,1845,10,P,notes,
2025-07-14,trial-pair02,1642,1740,1835,55,W,workout,
2025-07-14,trial-pair02,1643,1730,1740,10,P,tm notes,
2025-07-14,trial-pair02,1644,1720,1730,10,R,walk,
2025-07-14,trial-pair02,1645,1650,1720,30,R,poop,
2025-07-14,trial-pair02,1646,1535,1650,75,P,work,
2025-07-14,trial-pair02,1647,1520,1535,15,P,notes,
2025-07-14,trial-pair02,1648,1505,1520,15,F,yt,
2025-07-14,trial-pair02,1649,1455,1505,10,F,spanish,
2025-07-14,trial-pair02,1650,1405,1455,50,P,work,
2025-07-14,trial-pair02,1651,1400,1405,5,F,think,
2025-07-14,trial-pair02,1652,1345,1400,15,P,notes,
2025-07-14,trial-pair02,1653,1340,1345,5,R,br,
2025-07-14,trial-pair02,1654,1100,1340,160,P,work,
2025-07-14,trial-pair02,1655,1055,1100,5,R,walk,
2025-07-14,trial-pair02,1656,1035,1055,20,R,poop,
2025-07-14,trial-pair02,1657,1030,1035,5,R,cut,
2025-07-14,trial-pair02,1658,1025,1030,5,P,notes,
2025-07-14,trial-pair02,1659,1020,1025,5,F,article,
2025-07-14,trial-pair02,1660,1015,1020,5,P,notes,
2025-07-14,trial-pair02,1661,1000,1015,15,P,school,
2025-07-14,trial-pair02,1662,0955,1000,5,F,dawdle,
2025-07-14,trial-pair02,1663,0945,0955,10,P,school,
2025-07-14,trial-pair02,1664,0940,0945,5,P,work,
2025-07-14,trial-pair02,1665,0925,0940,15,R,walk,
2025-07-14,trial-pair02,1666,0910,0925,15,R,ready,
2025-07-14,trial-pair02,1667,0905,0910,5,E,eat,
2025-07-14,trial-pair02,1668,0840,0905,25,GOD,qt,
2025-07-14,trial-pair02,1669,0835,0840,5,GOD,pray,
2025-07-14,trial-pair02,1670,0830,0835,5,F,dressup,
2025-07-14,trial-pair02,1671,0825,0830,5,E,eat,
2025-07-14,trial-pair02,1672,0810,0825,15,R,ready,
2025-07-14,trial-pair02,1673,0805,0810,5,F,dawdle...,
2025-07-13,trial-pair02,1677,2300,2305,5,R,ready,
2025-07-13,trial-pair02,1678,2245,2300,15,S,Victor,
2025-07-13,trial-pair02,1679,2235,2245,10,R,laundry,
2025-07-13,trial-pair02,1680,2230,2235,5,E,eat,
2025-07-13,trial-pair02,1681,2225,2230,5,R,ready,
2025-07-13,trial-pair02,1682,2220,2225,5,R,shower,
2025-07-13,trial-pair02,1683,2215,2220,5,R,ready,
2025-07-13,trial-pair02,1684,2205,2215,10,W,workout,
2025-07-13,trial-pair02,1685,2120,2205,45,P,work,
2025-07-13,trial-pair02,1686,2115,2120,5,W,workout,
2025-07-13,trial-pair02,1687,2110,2115,5,S,Giselle,
2025-07-13,trial-pair02,1688,2105,2110,5,R,ready,
2025-07-13,trial-pair02,1689,2100,2105,5,R,laundry,
2025-07-13,trial-pair02,1690,2040,2100,20,E,eat,
2025-07-13,trial-pair02,1691,2030,2040,10,R,laundry,
2025-07-13,trial-pair02,1692,1925,2030,65,E,eat,
2025-07-13,trial-pair02,1693,1920,1925,5,R,walk,
2025-07-13,trial-pair02,1694,1915,1920,5,S,Artemis,
2025-07-13,trial-pair02,1695,1910,1915,5,R,laundry,
2025-07-13,trial-pair02,1696,1850,1910,20,R,poop,
2025-07-13,trial-pair02,1697,1840,1850,10,P,work,
2025-07-13,trial-pair02,1698,1820,1840,20,S,Giselle,
2025-07-13,trial-pair02,1699,1655,1820,85,P,work,
2025-07-13,trial-pair02,1700,1650,1655,5,R,walk,
2025-07-13,trial-pair02,1701,1530,1650,80,R,drive,
2025-07-13,trial-pair02,1702,1430,1530,60,S,Fam,
2025-07-13,trial-pair02,1703,1405,1430,25,E,eat,
2025-07-13,trial-pair02,1704,1400,1405,5,R,br,
2025-07-13,trial-pair02,1705,1130,1400,150,S,Fam,
2025-07-13,trial-pair02,1706,1100,1130,30,E,eat,
2025-07-13,trial-pair02,1707,1000,1100,60,S,Aunt Renee,
2025-07-13,trial-pair02,1708,0950,1000,10,R,drive,
2025-07-13,trial-pair02,1709,0940,0950,10,S,church,
2025-07-13,trial-pair02,1710,0800,0940,100,GOD,church,
2025-07-13,trial-pair02,1711,0635,0800,85,R,drive,
2025-07-13,trial-pair02,1712,0630,0635,5,R,walk,
2025-07-13,trial-pair02,1713,0615,0630,15,E,eat,
2025-07-13,trial-pair02,1714,0605,0615,10,R,ready,
2025-07-12,trial-pair02,1718,2300,2310,10,R,ready,
2025-07-12,trial-pair02,1719,2250,2300,10,S,giselle,
2025-07-12,trial-pair02,1720,2245,2250,5,R,ready,
2025-07-12,trial-pair02,1721,2145,2245,60,P,work,
2025-07-12,trial-pair02,1722,2135,2145,10,F,facts,
2025-07-12,trial-pair02,1723,2120,2135,15,R,ready,
2025-07-12,trial-pair02,1724,2115,2120,5,R,shower,
2025-07-12,trial-pair02,1725,2105,2115,10,E,eat,
2025-07-12,trial-pair02,1726,2100,2105,5,W,workout,
2025-07-12,trial-pair02,1727,1920,2100,100,P,work,
2025-07-12,trial-pair02,1728,1915,1920,5,E,eat,
2025-07-12,trial-pair02,1729,1905,1915,10,S,comm,
2025-07-12,trial-pair02,1730,1900,1905,5,R,walk,
2025-07-12,trial-pair02,1731,1840,1900,20,R,poop,
2025-07-12,trial-pair02,1732,1810,1840,30,P,work,
2025-07-12,trial-pair02,1733,1805,1810,5,F,words,
2025-07-12,trial-pair02,1734,1800,1805,5,P,notes,
2025-07-12,trial-pair02,1735,1755,1800,5,P,work,
2025-07-12,trial-pair02,1736,1740,1755,15,GOD,church,
2025-07-12,trial-pair02,1737,1735,1740,5,S,comm,
2025-07-12,trial-pair02,1738,1730,1735,5,E,eat,
2025-07-12,trial-pair02,1739,1715,1730,15,P,school,
2025-07-12,trial-pair02,1740,1710,1715,5,F,music,
2025-07-12,trial-pair02,1741,1705,1710,5,P,notes,
2025-07-12,trial-pair02,1742,1620,1705,45,F,words,
2025-07-12,trial-pair02,1743,1615,1620,5,S,discord,
2025-07-12,trial-pair02,1744,1610,1615,5,S,zach,
2025-07-12,trial-pair02,1745,1605,1610,5,S,Victor,
2025-07-12,trial-pair02,1746,1555,1605,10,R,walk,
2025-07-12,trial-pair02,1747,1550,1555,5,R,ready,
2025-07-12,trial-pair02,1748,1510,1550,40,F,nap,
2025-07-12,trial-pair02,1749,1500,1510,10,F,think,
2025-07-12,trial-pair02,1750,1455,1500,5,S,comm,
2025-07-12,trial-pair02,1751,1450,1455,5,R,clean,
2025-07-12,trial-pair02,1752,1425,1450,25,E,eat,
2025-07-12,trial-pair02,1753,1415,1425,10,R,walk,
2025-07-12,trial-pair02,1754,1325,1415,50,W,workout,
2025-07-12,trial-pair02,1755,1320,1325,5,R,walk,
2025-07-12,trial-pair02,1756,1315,1320,5,E,eat,
2025-07-12,trial-pair02,1757,1145,1315,90,S,Thomas,
2025-07-12,trial-pair02,1758,1140,1145,5,R,clean,
2025-07-12,trial-pair02,1759,1120,1140,20,E,eat,
2025-07-12,trial-pair02,1760,1110,1120,10,R,walk,
2025-07-12,trial-pair02,1761,1105,1110,5,F,think,
2025-07-12,trial-pair02,1762,1045,1105,20,R,br,
2025-07-12,trial-pair02,1763,1020,1045,25,P,tm work,
2025-07-12,trial-pair02,1764,1010,1020,10,P,tm notes,
2025-07-12,trial-pair02,1765,1005,1010,5,S,tm comm,
2025-07-12,trial-pair02,1766,1000,1005,5,R,br,
2025-07-12,trial-pair02,1767,0935,1000,25,S,tm Jacob,
2025-07-12,trial-pair02,1768,0925,0935,10,P,tm notes,
2025-07-12,trial-pair02,1769,0920,0925,5,R,walk,
2025-07-12,trial-pair02,1770,0910,0920,10,R,clean,
2025-07-12,trial-pair02,1771,0905,0910,5,E,eat,
2025-07-12,trial-pair02,1772,0820,0905,45,S,Thomas,
2025-07-12,trial-pair02,1773,0810,0820,10,S,comm,
2025-07-12,trial-pair02,1774,0805,0810,5,GOD,qt,
2025-07-12,trial-pair02,1775,0800,0805,5,GOD,pray,
2025-07-12,trial-pair02,1776,0740,0800,20,R,ready,
2025-07-11,trial-pair02,1780,2310,2315,5,S,comm,
2025-07-11,trial-pair02,1781,2305,2310,5,R,walk,
2025-07-11,trial-pair02,1782,2300,2305,5,P,notes,
2025-07-11,trial-pair02,1783,2205,2300,55,P,work,
2025-07-11,trial-pair02,1784,2150,2205,15,S,comm,
2025-07-11,trial-pair02,1785,2145,2150,5,F,language,
2025-07-11,trial-pair02,1786,2140,2145,5,W,workout,
2025-07-11,trial-pair02,1787,2135,2140,5,F,texas a&m,
2025-07-11,trial-pair02,1788,2125,2135,10,F,religion map,
2025-07-11,trial-pair02,1789,2120,2125,5,F,music,
2025-07-11,trial-pair02,1790,2115,2120,5,E,eat,
2025-07-11,trial-pair02,1791,2110,2115,5,R,walk,
2025-07-11,trial-pair02,1792,2100,2110,10,P,notes,
2025-07-11,trial-pair02,1793,2055,2100,5,S,anna,
2025-07-11,trial-pair02,1794,2045,2055,10,P,work,
2025-07-11,trial-pair02,1795,2035,2045,10,R,shower,
2025-07-11,trial-pair02,1796,2015,2035,20,E,eat,
2025-07-11,trial-pair02,1797,2005,2015,10,R,walk,
2025-07-11,trial-pair02,1798,1950,2005,15,GOD,church,
2025-07-11,trial-pair02,1799,1945,1950,5,S,comm,
2025-07-11,trial-pair02,1800,1940,1945,5,R,walk,
2025-07-11,trial-pair02,1801,1905,1940,35,W,workout,
2025-07-11,trial-pair02,1802,1855,1905,10,R,walk,
2025-07-11,trial-pair02,1803,1850,1855,5,R,br,
2025-07-11,trial-pair02,1804,1735,1850,75,P,work,
2025-07-11,trial-pair02,1805,1730,1735,5,S,Osmanhan,
2025-07-11,trial-pair02,1806,1720,1730,10,P,notes,
2025-07-11,trial-pair02,1807,1710,1720,10,F,yt,
2025-07-11,trial-pair02,1808,1645,1710,25,R,poop,
2025-07-11,trial-pair02,1809,1640,1645,5,E,eat,
2025-07-11,trial-pair02,1810,1545,1640,55,P,school,
2025-07-11,trial-pair02,1811,1540,1545,5,S,comm,
2025-07-11,trial-pair02,1812,1535,1540,5,P,notes,
2025-07-11,trial-pair02,1813,1530,1535,5,R,br,
2025-07-11,trial-pair02,1814,1445,1530,45,P,school,
2025-07-11,trial-pair02,1815,1440,1445,5,S,comm,
2025-07-11,trial-pair02,1816,1320,1440,80,P,school,
2025-07-11,trial-pair02,1817,1300,1320,20,F,prof,
2025-07-11,trial-pair02,1818,1235,1300,25,P,school,
2025-07-11,trial-pair02,1819,1225,1235,10,E,eat,
2025-07-11,trial-pair02,1820,1220,1225,5,R,br,
2025-07-11,trial-pair02,1821,1200,1220,20,P,school,
2025-07-11,trial-pair02,1822,1130,1200,30,P,work,
2025-07-11,trial-pair02,1823,1120,1130,10,F,grok,
2025-07-11,trial-pair02,1824,1050,1120,30,P,school,
2025-07-11,trial-pair02,1825,1030,1050,20,F,grok,
2025-07-11,trial-pair02,1826,1020,1030,10,P,school,
2025-07-11,trial-pair02,1827,0945,1020,35,P,school,
2025-07-11,trial-pair02,1828,0930,0945,15,P,notes,
2025-07-11,trial-pair02,1829,0920,0930,10,R,walk,
2025-07-11,trial-pair02,1830,0910,0920,10,R,ready,
2025-07-11,trial-pair02,1831,0905,0910,5,E,eat,
2025-07-11,trial-pair02,1832,0840,0905,25,R,poop,
2025-07-11,trial-pair02,1833,0835,0840,5,GOD,pray,
2025-07-11,trial-pair02,1834,0815,0835,20,GOD,qt,
2025-07-11,trial-pair02,1835,0810,0815,5,R,clean,
2025-07-11,trial-pair02,1836,0805,0810,5,R,ready,
2025-07-11,trial-pair02,1837,0800,0805,5,E,eat,
2025-07-11,trial-pair02,1838,0755,0800,5,F,sit,
2025-04-06,trial-pair03,1842,0055,0100,5,P,notes,
2025-04-06,trial-pair03,1843,0045,0055,10,P,hw ITSC 3146,
2025-04-06,trial-pair03,1844,0040,0045,5,P,notes,
2025-04-06,trial-pair03,1845,0025,0040,15,E,eat,
2025-04-06,trial-pair03,1846,0015,0025,10,R,drive,
2025-04-06,trial-pair03,1847,0010,0015,5,R,walk,
2025-04-06,trial-pair03,1848,0005,0010,5,F,think,
2025-04-06,trial-pair03,1849,0000,0005,5,P,notes,
2025-04-06,trial-pair03,1850,2225,0000,95,P,hw ITSC 3146,
2025-04-06,trial-pair03,1851,2220,2225,5,S,comm,
2025-04-06,trial-pair03,1852,2200,2220,20,R,poop,
2025-04-06,trial-pair03,1853,2150,2200,10,P,school,
2025-04-06,trial-pair03,1854,2130,2150,20,S,comm,
2025-04-06,trial-pair03,1855,2125,2130,5,P,school,
2025-04-06,trial-pair03,1856,2120,2125,5,F,think,
2025-04-06,trial-pair03,1857,2110,2120,10,S,comm,
2025-04-06,trial-pair03,1858,2100,2110,10,P,notes,
2025-04-06,trial-pair03,1859,2030,2100,30,S,ignite,
2025-04-06,trial-pair03,1860,1830,2030,120,GOD,ignite,
2025-04-06,trial-pair03,1861,1815,1830,15,R,drive,
2025-04-06,trial-pair03,1862,1810,1815,5,S,Dan Debbie,
2025-04-06,trial-pair03,1863,1800,1810,10,E,eat,
2025-04-06,trial-pair03,1864,1750,1800,10,R,shower,
2025-04-06,trial-pair03,1865,1730,1750,20,R,poop,
2025-04-06,trial-pair03,1866,1725,1730,5,R,ready,
2025-04-06,trial-pair03,1867,1705,1725,20,R,drive,
2025-04-06,trial-pair03,1868,1655,1705,10,F,gw,
2025-04-06,trial-pair03,1869,1645,1655,10,R,drive,
2025-04-06,trial-pair03,1870,1635,1645,10,S,Ryan,
2025-04-06,trial-pair03,1871,1245,1635,230,P,work,
2025-04-06,trial-pair03,1872,1240,1245,5,S,comm,
2025-04-06,trial-pair03,1873,1215,1240,25,R,drive,
2025-04-06,trial-pair03,1874,1200,1215,15,E,eat,
2025-04-06,trial-pair03,1875,1155,1200,5,R,laundry,
2025-04-06,trial-pair03,1876,1145,1155,10,P,notes,
2025-04-06,trial-pair03,1877,1140,1145,5,W,workout,
2025-04-06,trial-pair03,1878,1135,1140,5,GOD,ministry,
2025-04-06,trial-pair03,1879,1130,1135,5,F,think,
2025-04-06,trial-pair03,1880,1120,1130,10,GOD,pray,
2025-04-06,trial-pair03,1881,1115,1120,5,S,comm,
2025-04-06,trial-pair03,1882,1055,1115,20,R,ready,
2025-04-06,trial-pair03,1883,1050,1055,5,F,yt,
2025-04-06,trial-pair03,1884,1035,1050,15,P,notes,
2025-04-06,trial-pair03,1885,1030,1035,5,S,comm,
2025-04-06,trial-pair03,1886,1020,1030,10,F,va,
2025-04-06,trial-pair03,1887,1000,1020,20,R,ready,
2025-04-06,trial-pair03,1888,0930,1000,30,R,poop,
2025-04-06,trial-pair03,1889,0915,0930,15,F,piano,
2025-04-06,trial-pair03,1890,0855,0915,20,E,eat,
2025-04-06,trial-pair03,1891,0850,0855,5,R,br,
2025-04-06,trial-pair03,1892,0830,0850,20,GOD,qt,
2025-04-05,trial-pair03,1896,0040,0120,40,P,school,
2025-04-05,trial-pair03,1897,0025,0040,15,R,shower,
2025-04-05,trial-pair03,1898,0015,0025,10,F,tm aliexpress,
2025-04-05,trial-pair03,1899,0010,0015,5,F,dance,
2025-04-05,trial-pair03,1900,0005,0010,5,R,br,
2025-04-05,trial-pair03,1901,2355,0005,10,F,Funds,
2025-04-05,trial-pair03,1902,2335,2355,20,P,tm school,
2025-04-05,trial-pair03,1903,2330,2335,5,S,tm comm,
2025-04-05,trial-pair03,1904,2320,2330,10,E,cook,
2025-04-05,trial-pair03,1905,2310,2320,10,P,tm school,
2025-04-05,trial-pair03,1906,2305,2310,5,E,cook,
2025-04-05,trial-pair03,1907,2255,2305,10,P,tm school,
2025-04-05,trial-pair03,1908,2250,2255,5,F,think,
2025-04-05,trial-pair03,1909,2240,2250,10,E,cook,
2025-04-05,trial-pair03,1910,2230,2240,10,P,tm hw ITSC 3146,
2025-04-05,trial-pair03,1911,2210,2230,20,E,cook,
2025-04-05,trial-pair03,1912,2150,2210,20,P,tm hw ITSC 3146,
2025-04-05,trial-pair03,1913,2130,2150,20,E,cook,
2025-04-05,trial-pair03,1914,2120,2130,10,F,think,
2025-04-05,trial-pair03,1915,2110,2120,10,F,va,
2025-04-05,trial-pair03,1916,2100,2110,10,E,cook,
2025-04-05,trial-pair03,1917,2045,2100,15,P,notes,
2025-04-05,trial-pair03,1918,2040,2045,5,F,article,
2025-04-05,trial-pair03,1919,2035,2040,5,F,memories,
2025-04-05,trial-pair03,1920,2030,2035,5,F,think,
2025-04-05,trial-pair03,1921,2020,2030,10,P,notes,
2025-04-05,trial-pair03,1922,2015,2020,5,R,br,
2025-04-05,trial-pair03,1923,1945,2015,30,E,eat,
2025-04-05,trial-pair03,1924,1910,1945,35,R,drive,
2025-04-05,trial-pair03,1925,1905,1910,5,S,Ritik,
2025-04-05,trial-pair03,1926,1845,1905,20,R,drive,
2025-04-05,trial-pair03,1927,1840,1845,5,S,Ramon,
2025-04-05,trial-pair03,1928,1830,1840,10,P,school,
2025-04-05,trial-pair03,1929,1825,1830,5,P,notes,
2025-04-05,trial-pair03,1930,1820,1825,5,F,memories,
2025-04-05,trial-pair03,1931,1815,1820,5,R,drive,
2025-04-05,trial-pair03,1932,1810,1815,5,E,eat,
2025-04-05,trial-pair03,1933,1805,1810,5,R,ready,
2025-04-05,trial-pair03,1934,1800,1805,5,GOD,ministry,
2025-04-05,trial-pair03,1935,1730,1800,30,P,business,
2025-04-05,trial-pair03,1936,1700,1730,30,R,clean,
2025-04-05,trial-pair03,1937,1605,1700,55,GOD,ministry,
2025-04-05,trial-pair03,1938,1540,1605,25,R,drive,
2025-04-05,trial-pair03,1939,1530,1540,10,P,business,
2025-04-05,trial-pair03,1940,1525,1530,5,R,drive,
2025-04-05,trial-pair03,1941,1410,1525,75,P,work,
2025-04-05,trial-pair03,1942,1400,1410,10,P,notes,
2025-04-05,trial-pair03,1943,1325,1400,35,S,comm,
2025-04-05,trial-pair03,1944,1300,1325,25,R,drive,
2025-04-05,trial-pair03,1945,1250,1300,10,S,Ramon,
2025-04-05,trial-pair03,1946,1230,1250,20,F,read,
2025-04-05,trial-pair03,1947,1215,1230,15,R,drive,
2025-04-05,trial-pair03,1948,1210,1215,5,S,comm,
2025-04-05,trial-pair03,1949,1200,1210,10,E,cook,
2025-04-05,trial-pair03,1950,1140,1200,20,F,read,
2025-04-05,trial-pair03,1951,1135,1140,5,R,clean,
2025-04-05,trial-pair03,1952,1120,1135,15,E,cook,
2025-04-05,trial-pair03,1953,1115,1120,5,F,hobby,
2025-04-05,trial-pair03,1954,1110,1115,5,F,think,
2025-04-05,trial-pair03,1955,1100,1110,10,R,ready,
2025-04-05,trial-pair03,1956,1000,1100,60,E,cook,
2025-04-05,trial-pair03,1957,0925,1000,35,E,eat,
2025-04-05,trial-pair03,1958,0920,0925,5,R,ready,
2025-04-05,trial-pair03,1959,0850,0920,30,GOD,qt,
2025-04-05,trial-pair03,1960,0845,0850,5,P,notes,
2025-04-05,trial-pair03,1961,0840,0845,5,R,ready,
2025-04-05,trial-pair03,1962,0820,0840,20,R,poop,
2025-04-05,trial-pair03,1963,0815,0820,5,F,sit in bed,
2025-04-04,trial-pair03,1967,2325,2330,5,R,ready,
2025-04-04,trial-pair03,1968,2315,2325,10,P,notes,
2025-04-04,trial-pair03,1969,2310,2315,5,R,ready,
2025-04-04,trial-pair03,1970,2305,2310,5,R,laundry,
2025-04-04,trial-pair03,1971,2300,2305,5,R,shower,
2025-04-04,trial-pair03,1972,2245,2300,15,P,tm notes,
2025-04-04,trial-pair03,1973,2230,2245,15,F,think,
2025-04-04,trial-pair03,1974,2225,2230,5,R,laundry,
2025-04-04,trial-pair03,1975,2215,2225,10,F,article,
2025-04-04,trial-pair03,1976,2200,2215,15,P,notes,
2025-04-04,trial-pair03,1977,2150,2200,10,P,tm notes,
2025-04-04,trial-pair03,1978,2145,2150,5,S,comm,
2025-04-04,trial-pair03,1979,2135,2145,10,F,think,
2025-04-04,trial-pair03,1980,2130,2135,5,P,tm notes,
2025-04-04,trial-pair03,1981,2125,2130,5,S,comm,
2025-04-04,trial-pair03,1982,2120,2125,5,S,Dan,
2025-04-04,trial-pair03,1983,2100,2120,20,R,clean,
2025-04-04,trial-pair03,1984,2055,2100,5,R,laundry,
2025-04-04,trial-pair03,1985,2045,2055,10,R,ready,
2025-04-04,trial-pair03,1986,2030,2045,15,F,dance,
2025-04-04,trial-pair03,1987,2025,2030,5,F,think,
2025-04-04,trial-pair03,1988,2015,2025,10,E,eat,
2025-04-04,trial-pair03,1989,2000,2015,15,R,drive,
2025-04-04,trial-pair03,1990,1945,2000,15,R,walk,
2025-04-04,trial-pair03,1991,1940,1945,5,R,ready,
2025-04-04,trial-pair03,1992,1920,1940,20,S,Billy,
2025-04-04,trial-pair03,1993,1835,1920,45,P,hw ITSC 3146,
2025-04-04,trial-pair03,1994,1835,1835,0,P,notes,
2025-04-04,trial-pair03,1995,1745,1835,50,E,eat,
2025-04-04,trial-pair03,1996,1735,1745,10,S,Mounika,
2025-04-04,trial-pair03,1997,1730,1735,5,F,dawdle,
2025-04-04,trial-pair03,1998,1725,1730,5,P,notes,
2025-04-04,trial-pair03,1999,1705,1725,20,R,walk,
2025-04-04,trial-pair03,2000,1700,1705,5,S,comm,
2025-04-04,trial-pair03,2001,1630,1700,30,R,drive,
2025-04-04,trial-pair03,2002,1620,1630,10,R,walk,
2025-04-04,trial-pair03,2003,1600,1620,20,S,Ignite,
2025-04-04,trial-pair03,2004,1550,1600,10,R,walk,
2025-04-04,trial-pair03,2005,1215,1550,215,F,Climb,
2025-04-04,trial-pair03,2006,1135,1215,40,R,drive,
2025-04-04,trial-pair03,2007,1130,1135,5,R,walk,
2025-04-04,trial-pair03,2008,1125,1130,5,S,Kimberlee,
2025-04-04,trial-pair03,2009,1100,1125,25,R,poop,
2025-04-04,trial-pair03,2010,1045,1100,15,S,Ritik,
2025-04-04,trial-pair03,2011,1040,1045,5,R,walk,
2025-04-04,trial-pair03,2012,1035,1040,5,R,br,
2025-04-04,trial-pair03,2013,1025,1035,10,R,walk,
2025-04-04,trial-pair03,2014,1015,1025,10,R,drive,
2025-04-04,trial-pair03,2015,1010,1015,5,F,hobby,
2025-04-04,trial-pair03,2016,1005,1010,5,R,clean,
2025-04-04,trial-pair03,2017,0945,1005,20,R,ready,
2025-04-04,trial-pair03,2018,0925,0945,20,GOD,qt,
2025-04-04,trial-pair03,2019,0920,0925,5,P,notes,
2025-04-04,trial-pair03,2020,0915,0920,5,F,think,
2025-04-04,trial-pair03,2021,0910,0915,5,P,notes,
2025-04-04,trial-pair03,2022,0905,0910,5,R,clean,
2025-04-04,trial-pair03,2023,0900,0905,5,R,cut,
2025-04-04,trial-pair03,2024,0830,0900,30,E,eat,
2025-04-04,trial-pair03,2025,0825,0830,5,R,ready,
2025-04-04,trial-pair03,2026,0820,0825,5,R,shower,
2025-04-04,trial-pair03,2027,0800,0820,20,R,poop,
2025-04-03,trial-pair03,2031,0020,0030,10,S,comm,
2025-04-03,trial-pair03,2032,0010,0020,10,F,gifs,
2025-04-03,trial-pair03,2033,0000,0010,10,R,shower,
2025-04-03,trial-pair03,2034,2355,0000,5,P,tm notes,
2025-04-03,trial-pair03,2035,2350,2355,5,P,tm school,
2025-04-03,trial-pair03,2036,2320,2350,30,P,school,
2025-04-03,trial-pair03,2037,2250,2320,30,P,tm school,
2025-04-03,trial-pair03,2038,2245,2250,5,F,think,
2025-04-03,trial-pair03,2039,2240,2245,5,R,br,
2025-04-03,trial-pair03,2040,2230,2240,10,R,clean,
2025-04-03,trial-pair03,2041,2210,2230,20,R,ready,
2025-04-03,trial-pair03,2042,2130,2210,40,E,eat,
2025-04-03,trial-pair03,2043,2120,2130,10,R,drive,
2025-04-03,trial-pair03,2044,2110,2120,10,R,walk,
2025-04-03,trial-pair03,2045,2100,2110,10,S,Ignite,
2025-04-03,trial-pair03,2046,1930,2100,90,GOD,ignite Bible study,
2025-04-03,trial-pair03,2047,1920,1930,10,R,walk,
2025-04-03,trial-pair03,2048,1915,1920,5,S,Ahmed,
2025-04-03,trial-pair03,2049,1900,1915,15,P,school,
2025-04-03,trial-pair03,2050,1855,1900,5,R,walk,
2025-04-03,trial-pair03,2051,1850,1855,5,E,eat,
2025-04-03,trial-pair03,2052,1845,1850,5,S,Amir,
2025-04-03,trial-pair03,2053,1840,1845,5,R,clean,
2025-04-03,trial-pair03,2054,1735,1840,65,W,workout,
2025-04-03,trial-pair03,2055,1730,1735,5,S,Dylan,
2025-04-03,trial-pair03,2056,1715,1730,15,R,poop,
2025-04-03,trial-pair03,2057,1710,1715,5,E,eat,
2025-04-03,trial-pair03,2058,1705,1710,5,S,Cole,
2025-04-03,trial-pair03,2059,1700,1705,5,S,Amir,
2025-04-03,trial-pair03,2060,1655,1700,5,S,Lydie,
2025-04-03,trial-pair03,2061,1650,1655,5,R,walk,
2025-04-03,trial-pair03,2062,1625,1650,25,S,Luke Joseph,
2025-04-03,trial-pair03,2063,1540,1625,45,GOD,ignite Bible study,
2025-04-03,trial-pair03,2064,1535,1540,5,R,br,
2025-04-03,trial-pair03,2065,1530,1535,5,S,Emily Hagar,
2025-04-03,trial-pair03,2066,1515,1530,15,R,walk,
2025-04-03,trial-pair03,2067,1510,1515,5,R,drive,
2025-04-03,trial-pair03,2068,1500,1510,10,R,shop,
2025-04-03,trial-pair03,2069,1420,1500,40,S,volunteer,
2025-04-03,trial-pair03,2070,1415,1420,5,R,drive,
2025-04-03,trial-pair03,2071,1410,1415,5,R,walk,
2025-04-03,trial-pair03,2072,1400,1410,10,F,Reddit,
2025-04-03,trial-pair03,2073,1355,1400,5,F,article,
2025-04-03,trial-pair03,2074,1350,1355,5,P,notes,
2025-04-03,trial-pair03,2075,1340,1350,10,S,comm,
2025-04-03,trial-pair03,2076,1330,1340,10,S,Mr. Hooker,
2025-04-03,trial-pair03,2077,1300,1330,30,P,school,
2025-04-03,trial-pair03,2078,1245,1300,15,P,notes,
2025-04-03,trial-pair03,2079,1240,1245,5,S,comm,
2025-04-03,trial-pair03,2080,1235,1240,5,R,br,
2025-04-03,trial-pair03,2081,1230,1235,5,R,walk,
2025-04-03,trial-pair03,2082,1225,1230,5,R,drive,
2025-04-03,trial-pair03,2083,1220,1225,5,R,shop,
2025-04-03,trial-pair03,2084,1215,1220,5,F,think,
2025-04-03,trial-pair03,2085,1150,1215,25,R,drive,
2025-04-03,trial-pair03,2086,1145,1150,5,P,notes,
2025-04-03,trial-pair03,2087,1125,1145,20,R,drive,
2025-04-03,trial-pair03,2088,1115,1125,10,R,ready,
2025-04-03,trial-pair03,2089,1100,1115,15,E,eat,
2025-04-03,trial-pair03,2090,1055,1100,5,R,ready,
2025-04-03,trial-pair03,2091,1045,1055,10,P,school,
2025-04-03,trial-pair03,2092,1040,1045,5,P,tm notes,
2025-04-03,trial-pair03,2093,1035,1040,5,F,think,
2025-04-03,trial-pair03,2094,1030,1035,5,R,ready,
2025-04-03,trial-pair03,2095,1025,1030,5,P,business,
2025-04-03,trial-pair03,2096,1020,1025,5,R,clean,
2025-04-03,trial-pair03,2097,1015,1020,5,R,ready,
2025-04-03,trial-pair03,2098,1010,1015,5,F,think,
2025-04-03,trial-pair03,2099,1005,1010,5,R,ready,
2025-04-03,trial-pair03,2100,0940,1005,25,GOD,qt,
2025-04-03,trial-pair03,2101,0925,0940,15,S,comm,
2025-04-03,trial-pair03,2102,0915,0925,10,P,notes,
2025-04-03,trial-pair03,2103,0900,0915,15,F,article,
2025-04-03,trial-pair03,2104,0850,0900,10,P,notes,
2025-04-03,trial-pair03,2105,0845,0850,5,F,music,
2025-04-03,trial-pair03,2106,0825,0845,20,E,eat,
2025-04-03,trial-pair03,2107,0800,0825,25,R,poop,
2025-04-03,trial-pair03,2108,0755,0800,5,F,think,
2025-04-02,trial-pair03,2112,2300,2305,5,R,ready,
2025-04-02,trial-pair03,2113,2245,2300,15,P,notes,
2025-04-02,trial-pair03,2114,2240,2245,5,R,shower,
2025-04-02,trial-pair03,2115,2230,2240,10,F,think,
2025-04-02,trial-pair03,2116,2155,2230,35,F,music,
2025-04-02,trial-pair03,2117,2150,2155,5,P,school,
2025-04-02,trial-pair03,2118,2140,2150,10,P,tm school,
2025-04-02,trial-pair03,2119,2135,2140,5,P,tm notes,
2025-04-02,trial-pair03,2120,2130,2135,5,W,workout,
2025-04-02,trial-pair03,2121,2125,2130,5,R,br,
2025-04-02,trial-pair03,2122,2110,2125,15,P,tm school,
2025-04-02,trial-pair03,2123,2105,2110,5,P,tm notes,
2025-04-02,trial-pair03,2124,2100,2105,5,F,think,
2025-04-02,trial-pair03,2125,2015,2100,45,S,Dad,
2025-04-02,trial-pair03,2126,2000,2015,15,R,ready,
2025-04-02,trial-pair03,2127,1925,2000,35,E,eat,
2025-04-02,trial-pair03,2128,1905,1925,20,R,drive,
2025-04-02,trial-pair03,2129,1850,1905,15,R,walk,
2025-04-02,trial-pair03,2130,1845,1850,5,S,class,
2025-04-02,trial-pair03,2131,1730,1845,75,P,ITSC 3156,
2025-04-02,trial-pair03,2132,1725,1730,5,R,walk,
2025-04-02,trial-pair03,2133,1720,1725,5,S,Rama Josiah,
2025-04-02,trial-pair03,2134,1600,1720,80,P,STAT 3150,
2025-04-02,trial-pair03,2135,1550,1600,10,R,poop,
2025-04-02,trial-pair03,2136,1545,1550,5,R,walk,
2025-04-02,trial-pair03,2137,1430,1545,75,GOD,ministry,
2025-04-02,trial-pair03,2138,1415,1430,15,P,notes,
2025-04-02,trial-pair03,2139,1405,1415,10,GOD,ministry,
2025-04-02,trial-pair03,2140,1355,1405,10,R,walk,
2025-04-02,trial-pair03,2141,1350,1355,5,S,Dr. Denise,
2025-04-02,trial-pair03,2142,1335,1350,15,E,eat,
2025-04-02,trial-pair03,2143,1320,1335,15,R,walk,
2025-04-02,trial-pair03,2144,1315,1320,5,S,Dr. J,
2025-04-02,trial-pair03,2145,1220,1315,55,P,ITSC 3688,
2025-04-02,trial-pair03,2146,1210,1220,10,R,walk,
2025-04-02,trial-pair03,2147,1205,1210,5,E,eat,
2025-04-02,trial-pair03,2148,1145,1205,20,S,Kimberlee,
2025-04-02,trial-pair03,2149,1140,1145,5,R,walk,
2025-04-02,trial-pair03,2150,1125,1140,15,P,hw ITSC 3688,
2025-04-02,trial-pair03,2151,1120,1125,5,R,walk,
2025-04-02,trial-pair03,2152,1110,1120,10,F,va,
2025-04-02,trial-pair03,2153,1005,1110,65,P,ITSC 3146,
2025-04-02,trial-pair03,2154,1000,1005,5,E,eat,
2025-04-02,trial-pair03,2155,0930,1000,30,P,hw ITSC 3688,
2025-04-02,trial-pair03,2156,0925,0930,5,F,article,
2025-04-02,trial-pair03,2157,0915,0925,10,R,walk,
2025-04-02,trial-pair03,2158,0910,0915,5,R,ready,
2025-04-02,trial-pair03,2159,0900,0910,10,R,shower,
2025-04-02,trial-pair03,2160,0840,0900,20,R,poop,
2025-04-02,trial-pair03,2161,0835,0840,5,W,exercise,
2025-04-02,trial-pair03,2162,0745,0835,50,P,tm hw ITSC 3146,
2025-04-02,trial-pair03,2163,0740,0745,5,W,stretch,
2025-04-02,trial-pair03,2164,0725,0740,15,R,walk,
2025-04-02,trial-pair03,2165,0715,0725,10,P,notes,
2025-04-02,trial-pair03,2166,0710,0715,5,E,eat,
2025-04-02,trial-pair03,2167,0700,0710,10,R,ready,
2025-04-01,trial-pair03,2171,0050,0100,10,R,ready,
2025-04-01,trial-pair03,2172,0000,0050,50,S,Ritik,
2025-04-01,trial-pair03,2173,2225,0000,95,P,school,
2025-04-01,trial-pair03,2174,2115,2225,70,S,Ritik,
2025-04-01,trial-pair03,2175,2055,2115,20,R,walk,
2025-04-01,trial-pair03,2176,2035,2055,20,E,eat,
2025-04-01,trial-pair03,2177,2015,2035,20,P,school,
2025-04-01,trial-pair03,2178,2010,2015,5,P,notes,
2025-04-01,trial-pair03,2179,2005,2010,5,E,eat,
2025-04-01,trial-pair03,2180,2000,2005,5,S,Cole,
2025-04-01,trial-pair03,2181,1955,2000,5,S,Lydie,
2025-04-01,trial-pair03,2182,1945,1955,10,R,walk,
2025-04-01,trial-pair03,2183,1940,1945,5,P,business,
2025-04-01,trial-pair03,2184,1935,1940,5,F,think,
2025-04-01,trial-pair03,2185,1925,1935,10,P,business,
2025-04-01,trial-pair03,2186,1920,1925,5,E,eat,
2025-04-01,trial-pair03,2187,1900,1920,20,P,hw ITSC 3156,
2025-04-01,trial-pair03,2188,1820,1900,40,S,CAIR,
2025-04-01,trial-pair03,2189,1815,1820,5,R,walk,
2025-04-01,trial-pair03,2190,1810,1815,5,F,dawdle,
2025-04-01,trial-pair03,2191,1805,1810,5,R,walk,
2025-04-01,trial-pair03,2192,1800,1805,5,E,eat,
2025-04-01,trial-pair03,2193,1755,1800,5,R,br,
2025-04-01,trial-pair03,2194,1720,1755,35,W,workout,
2025-04-01,trial-pair03,2195,1715,1720,5,R,walk,
2025-04-01,trial-pair03,2196,1600,1715,75,GOD,ministry,
2025-04-01,trial-pair03,2197,1555,1600,5,R,walk,
2025-04-01,trial-pair03,2198,1535,1555,20,S,Kimberlee,
2025-04-01,trial-pair03,2199,1530,1535,5,R,br,
2025-04-01,trial-pair03,2200,1520,1530,10,R,walk,
2025-04-01,trial-pair03,2201,1500,1520,20,S,mom,
2025-04-01,trial-pair03,2202,1455,1500,5,S,comm,
2025-04-01,trial-pair03,2203,1450,1455,5,R,walk,
2025-04-01,trial-pair03,2204,1435,1450,15,W,workout,
2025-04-01,trial-pair03,2205,1430,1435,5,R,br,
2025-04-01,trial-pair03,2206,1415,1430,15,R,walk,
2025-04-01,trial-pair03,2207,1400,1415,15,GOD,ministry,
2025-04-01,trial-pair03,2208,1300,1400,60,S,Caleb,
2025-04-01,trial-pair03,2209,1255,1300,5,R,walk,
2025-04-01,trial-pair03,2210,1235,1255,20,P,ITSC 3156,
2025-04-01,trial-pair03,2211,1230,1235,5,F,lookup,
2025-04-01,trial-pair03,2212,1225,1230,5,P,notes,
2025-04-01,trial-pair03,2213,1220,1225,5,S,comm,
2025-04-01,trial-pair03,2214,1145,1220,35,P,ITSC 3688,
2025-04-01,trial-pair03,2215,1140,1145,5,P,notes,
2025-04-01,trial-pair03,2216,1125,1140,15,R,walk,
2025-04-01,trial-pair03,2217,1105,1125,20,R,drive,
2025-04-01,trial-pair03,2218,1050,1105,15,R,ready,
2025-04-01,trial-pair03,2219,1035,1050,15,R,clean,
2025-04-01,trial-pair03,2220,1030,1035,5,E,eat,
2025-04-01,trial-pair03,2221,1020,1030,10,F,pickup,
2025-04-01,trial-pair03,2222,1005,1020,15,R,walk,
2025-04-01,trial-pair03,2223,1000,1005,5,F,think,
2025-04-01,trial-pair03,2224,0925,1000,35,P,business,
2025-04-01,trial-pair03,2225,0915,0925,10,R,drive,
2025-04-01,trial-pair03,2226,0900,0915,15,E,eat,
2025-04-01,trial-pair03,2227,0830,0900,30,R,ready,
2025-04-01,trial-pair03,2228,0825,0830,5,R,poop,
2025-04-01,trial-pair03,2229,0820,0825,5,R,ready,
2025-04-01,trial-pair03,2230,0815,0820,5,R,ready,
2025-03-31,trial-pair03,2234,2240,2245,5,P,notes,
2025-03-31,trial-pair03,2235,2230,2240,10,S,comm,
2025-03-31,trial-pair03,2236,2220,2230,10,R,shower,
2025-03-31,trial-pair03,2237,2140,2220,40,P,school,
2025-03-31,trial-pair03,2238,2130,2140,10,W,workout,
2025-03-31,trial-pair03,2239,2045,2130,45,F,music,
2025-03-31,trial-pair03,2240,2040,2045,5,F,yt,
2025-03-31,trial-pair03,2241,2025,2040,15,F,think,
2025-03-31,trial-pair03,2242,2000,2025,25,R,ready,
2025-03-31,trial-pair03,2243,1910,2000,50,E,eat,
2025-03-31,trial-pair03,2244,1855,1910,15,R,drive,
2025-03-31,trial-pair03,2245,1845,1855,10,R,walk,
2025-03-31,trial-pair03,2246,1730,1845,75,P,ITSC 3156,
2025-03-31,trial-pair03,2247,1725,1730,5,S,church,
2025-03-31,trial-pair03,2248,1720,1725,5,GOD,ministry,
2025-03-31,trial-pair03,2249,1710,1720,10,R,walk,
2025-03-31,trial-pair03,2250,1600,1710,70,P,ITSC 3146,
2025-03-31,trial-pair03,2251,1555,1600,5,S,Ajay,
2025-03-31,trial-pair03,2252,1545,1555,10,R,walk,
2025-03-31,trial-pair03,2253,1515,1545,30,P,school,
2025-03-31,trial-pair03,2254,1435,1515,40,P,hw STAT 3150,
2025-03-31,trial-pair03,2255,1400,1435,35,S,Toni,
2025-03-31,trial-pair03,2256,1340,1400,20,E,eat,
2025-03-31,trial-pair03,2257,1335,1340,5,P,business,
2025-03-31,trial-pair03,2258,1325,1335,10,R,walk,
2025-03-31,trial-pair03,2259,1320,1325,5,S,Ajay,
2025-03-31,trial-pair03,2260,1215,1320,65,P,ITSC 3688,
2025-03-31,trial-pair03,2261,1200,1215,15,P,STAT 3688,
2025-03-31,trial-pair03,2262,1145,1200,15,P,business,
2025-03-31,trial-pair03,2263,1140,1145,5,R,walk,
2025-03-31,trial-pair03,2264,1130,1140,10,R,poop,
2025-03-31,trial-pair03,2265,1125,1130,5,E,eat,
2025-03-31,trial-pair03,2266,1115,1125,10,R,walk,
2025-03-31,trial-pair03,2267,1100,1115,15,P,school,
2025-03-31,trial-pair03,2268,1010,1100,50,P,ITSC 3146,
2025-03-31,trial-pair03,2269,1000,1010,10,R,walk,
2025-03-31,trial-pair03,2270,0955,1000,5,E,eat,
2025-03-31,trial-pair03,2271,0920,0955,35,P,hw STAT 3150,
2025-03-31,trial-pair03,2272,0855,0920,25,P,school,
2025-03-31,trial-pair03,2273,0830,0855,25,P,hw ITSC 3146,
2025-03-31,trial-pair03,2274,0820,0830,10,R,walk,
2025-03-31,trial-pair03,2275,0815,0820,5,S,Shaun,
2025-03-31,trial-pair03,2276,0800,0815,15,R,ready,
2025-03-31,trial-pair03,2277,0755,0800,5,R,shower,
2025-03-31,trial-pair03,2278,0740,0755,15,R,poop,
2025-03-31,trial-pair03,2279,0730,0740,10,P,hw ITSC 3146,
2025-03-31,trial-pair03,2280,0720,0730,10,E,eat,
2025-03-31,trial-pair03,2281,0715,0720,5,R,ready,
2025-03-30,trial-pair03,2285,0145,0205,20,P,hw ITSC 3156,
2025-03-30,trial-pair03,2286,0135,0145,10,P,notes,
2025-03-30,trial-pair03,2287,0125,0135,10,R,ready,
2025-03-30,trial-pair03,2288,0115,0125,10,P,hw ITSC 3146,
2025-03-30,trial-pair03,2289,0105,0115,10,GOD,ministry,
2025-03-30,trial-pair03,2290,0055,0105,10,S,Shaun,
2025-03-30,trial-pair03,2291,0045,0055,10,W,workout,
2025-03-30,trial-pair03,2292,0040,0045,5,P,notes,
2025-03-30,trial-pair03,2293,0000,0040,40,P,school,
2025-03-30,trial-pair03,2294,2210,0000,110,S,Shaun,
2025-03-30,trial-pair03,2295,2205,2210,5,P,notes,
2025-03-30,trial-pair03,2296,2145,2205,20,S,Shaun,
2025-03-30,trial-pair03,2297,2140,2145,5,S,comm,
2025-03-30,trial-pair03,2298,2120,2140,20,R,walk,
2025-03-30,trial-pair03,2299,2115,2120,5,S,comm,
2025-03-30,trial-pair03,2300,2045,2115,30,S,Ignite,
2025-03-30,trial-pair03,2301,1730,2045,195,GOD,ignite,
2025-03-30,trial-pair03,2302,1725,1730,5,R,walk,
2025-03-30,trial-pair03,2303,1720,1725,5,W,workout,
2025-03-30,trial-pair03,2304,1655,1720,25,P,school,
2025-03-30,trial-pair03,2305,1650,1655,5,S,comm,
2025-03-30,trial-pair03,2306,1635,1650,15,P,business,
2025-03-30,trial-pair03,2307,1610,1635,25,P,notes,
2025-03-30,trial-pair03,2308,1605,1610,5,E,eat,
2025-03-30,trial-pair03,2309,1555,1605,10,GOD,ministry,
2025-03-30,trial-pair03,2310,1545,1555,10,P,notes,
2025-03-30,trial-pair03,2311,1540,1545,5,R,walk,
2025-03-30,trial-pair03,2312,1530,1540,10,R,br,
2025-03-30,trial-pair03,2313,1520,1530,10,S,Ben,
2025-03-30,trial-pair03,2314,1205,1520,195,S,Bernadette,
2025-03-30,trial-pair03,2315,1200,1205,5,R,walk,
2025-03-30,trial-pair03,2316,1150,1200,10,S,Landon,
2025-03-30,trial-pair03,2317,1135,1150,15,R,drive,
2025-03-30,trial-pair03,2318,1125,1135,10,S,church,
2025-03-30,trial-pair03,2319,0845,1125,160,GOD,church,
2025-03-30,trial-pair03,2320,0840,0845,5,R,br,
2025-03-30,trial-pair03,2321,0830,0840,10,R,drive,
2025-03-30,trial-pair03,2322,0810,0830,20,R,clean,
2025-03-30,trial-pair03,2323,0755,0810,15,R,ready,
2025-03-29,trial-pair03,2327,0000,0010,10,P,notes,
2025-03-29,trial-pair03,2328,2335,0000,25,P,hw ITSC 3146,
2025-03-29,trial-pair03,2329,2305,2335,30,S,Landon,
2025-03-29,trial-pair03,2330,2240,2305,25,R,drive,
2025-03-29,trial-pair03,2331,2235,2240,5,P,business,
2025-03-29,trial-pair03,2332,2210,2235,25,R,drive,
2025-03-29,trial-pair03,2333,2200,2210,10,R,ready,
2025-03-29,trial-pair03,2334,2150,2200,10,R,shower,
2025-03-29,trial-pair03,2335,2140,2150,10,R,poop,
2025-03-29,trial-pair03,2336,2135,2140,5,F,va,
2025-03-29,trial-pair03,2337,2130,2135,5,E,eat,
2025-03-29,trial-pair03,2338,2050,2130,40,P,tm hw ITSC 3156,
2025-03-29,trial-pair03,2339,2005,2050,45,F,yt,
2025-03-29,trial-pair03,2340,2000,2005,5,F,dawdle,
2025-03-29,trial-pair03,2341,1955,2000,5,S,ramon,
2025-03-29,trial-pair03,2342,1940,1955,15,P,tm hw ITSC 3156,
2025-03-29,trial-pair03,2343,1920,1940,20,P,business,
2025-03-29,trial-pair03,2344,1915,1920,5,S,Dan,
2025-03-29,trial-pair03,2345,1905,1915,10,P,notes,
2025-03-29,trial-pair03,2346,1900,1905,5,R,br,
2025-03-29,trial-pair03,2347,1840,1900,20,F,aliexpress,
2025-03-29,trial-pair03,2348,1830,1840,10,P,notes,
2025-03-29,trial-pair03,2349,1825,1830,5,E,eat,
2025-03-29,trial-pair03,2350,1820,1825,5,R,ready,
2025-03-29,trial-pair03,2351,1815,1820,5,W,workout,
2025-03-29,trial-pair03,2352,1810,1815,5,F,think,
2025-03-29,trial-pair03,2353,1800,1810,10,R,laundry,
2025-03-29,trial-pair03,2354,1750,1800,10,R,ready,
2025-03-29,trial-pair03,2355,1745,1750,5,E,eat,
2025-03-29,trial-pair03,2356,1735,1745,10,F,think,
2025-03-29,trial-pair03,2357,1720,1735,15,P,hw ITSC 3156,
2025-03-29,trial-pair03,2358,1710,1720,10,F,article,
2025-03-29,trial-pair03,2359,1705,1710,5,S,comm,
2025-03-29,trial-pair03,2360,1700,1705,5,P,hw ITSC 3156,
2025-03-29,trial-pair03,2361,1655,1700,5,F,think,
2025-03-29,trial-pair03,2362,1635,1655,20,P,hw ITSC 3156,
2025-03-29,trial-pair03,2363,1605,1635,30,F,game,
2025-03-29,trial-pair03,2364,1600,1605,5,F,yt,
2025-03-29,trial-pair03,2365,1555,1600,5,P,notes,
2025-03-29,trial-pair03,2366,1545,1555,10,R,shower,
2025-03-29,trial-pair03,2367,1530,1545,15,F,dawdle,
2025-03-29,trial-pair03,2368,1440,1530,50,F,nap,
2025-03-29,trial-pair03,2369,1435,1440,5,R,laundry,
2025-03-29,trial-pair03,2370,1430,1435,5,S,Dan,
2025-03-29,trial-pair03,2371,1400,1430,30,R,clean,
2025-03-29,trial-pair03,2372,1340,1400,20,R,laundry,
2025-03-29,trial-pair03,2373,1330,1340,10,F,think,
2025-03-29,trial-pair03,2374,1325,1330,5,P,notes,
2025-03-29,trial-pair03,2375,1320,1325,5,F,think,
2025-03-29,trial-pair03,2376,1315,1320,5,F,nap,
2025-03-29,trial-pair03,2377,1305,1315,10,S,comm,
2025-03-29,trial-pair03,2378,1245,1305,20,R,poop,
2025-03-29,trial-pair03,2379,1240,1245,5,R,laundry,
2025-03-29,trial-pair03,2380,1225,1240,15,GOD,qt,
2025-03-29,trial-pair03,2381,1215,1225,10,F,nap,
2025-03-29,trial-pair03,2382,1210,1215,5,F,dawdle,
2025-03-29,trial-pair03,2383,1205,1210,5,R,laundry,
2025-03-29,trial-pair03,2384,1200,1205,5,F,music,
2025-03-29,trial-pair03,2385,1145,1200,15,GOD,qt,
2025-03-29,trial-pair03,2386,1140,1145,5,F,dawdle,
2025-03-29,trial-pair03,2387,1135,1140,5,F,dressup,
2025-03-29,trial-pair03,2388,1130,1135,5,F,think,
2025-03-29,trial-pair03,2389,1125,1130,5,R,ready,
2025-03-29,trial-pair03,2390,1115,1125,10,R,laundry,
2025-03-29,trial-pair03,2391,1030,1115,45,R,clean,
2025-03-29,trial-pair03,2392,1010,1030,20,S,mom,
2025-03-29,trial-pair03,2393,1000,1010,10,R,laundry,
2025-03-29,trial-pair03,2394,0925,1000,35,F,piano,
2025-03-29,trial-pair03,2395,0905,0925,20,R,ready,
2025-03-29,trial-pair03,2396,0900,0905,5,GOD,qt,
2025-03-28,trial-pair03,2400,0155,0200,5,GOD,pray,
2025-03-28,trial-pair03,2401,0150,0155,5,R,shower,
2025-03-28,trial-pair03,2402,0130,0150,20,F,dawdle,
2025-03-28,trial-pair03,2403,0125,0130,5,S,comm,
2025-03-28,trial-pair03,2404,0110,0125,15,P,notes,
2025-03-28,trial-pair03,2405,0055,0110,15,R,shower,
2025-03-28,trial-pair03,2406,0045,0055,10,E,eat,
2025-03-28,trial-pair03,2407,0030,0045,15,R,drive,
2025-03-28,trial-pair03,2408,2345,0030,45,S,Landon,
2025-03-28,trial-pair03,2409,2320,2345,25,R,drive,
2025-03-28,trial-pair03,2410,1950,2320,210,GOD,ministry,
2025-03-28,trial-pair03,2411,1930,1950,20,S,Landon,
2025-03-28,trial-pair03,2412,1910,1930,20,R,drive,
2025-03-28,trial-pair03,2413,1905,1910,5,S,comm,
2025-03-28,trial-pair03,2414,1900,1905,5,R,walk,
2025-03-28,trial-pair03,2415,1850,1900,10,GOD,ministry,
2025-03-28,trial-pair03,2416,1840,1850,10,S,Obed,
2025-03-28,trial-pair03,2417,1830,1840,10,E,eat,
2025-03-28,trial-pair03,2418,1825,1830,5,R,walk,
2025-03-28,trial-pair03,2419,1815,1825,10,R,shower,
2025-03-28,trial-pair03,2420,1740,1815,35,W,workout,
2025-03-28,trial-pair03,2421,1715,1740,25,S,Ajay,
2025-03-28,trial-pair03,2422,1705,1715,10,R,walk,
2025-03-28,trial-pair03,2423,1555,1705,70,P,school,
2025-03-28,trial-pair03,2424,1540,1555,15,R,walk,
2025-03-28,trial-pair03,2425,1535,1540,5,P,notes,
2025-03-28,trial-pair03,2426,1530,1535,5,S,comm,
2025-03-28,trial-pair03,2427,1450,1530,40,F,nap,
2025-03-28,trial-pair03,2428,1445,1450,5,R,walk,
2025-03-28,trial-pair03,2429,1440,1445,5,E,eat,
2025-03-28,trial-pair03,2430,1425,1440,15,R,poop,
2025-03-28,trial-pair03,2431,1420,1425,5,R,walk,
2025-03-28,trial-pair03,2432,1400,1420,20,P,school,
2025-03-28,trial-pair03,2433,1350,1400,10,R,walk,
2025-03-28,trial-pair03,2434,1325,1350,25,P,notes,
2025-03-28,trial-pair03,2435,1315,1325,10,R,walk,
2025-03-28,trial-pair03,2436,1220,1315,55,P,ITSC 3688,
2025-03-28,trial-pair03,2437,1210,1220,10,P,hw ITSC 3688,
2025-03-28,trial-pair03,2438,1205,1210,5,R,br,
2025-03-28,trial-pair03,2439,1200,1205,5,E,eat,
2025-03-28,trial-pair03,2440,1150,1200,10,R,walk,
2025-03-28,trial-pair03,2441,1100,1150,50,P,hw ITSC 3688,
2025-03-28,trial-pair03,2442,1005,1100,55,P,ITSC 3146,
2025-03-28,trial-pair03,2443,0955,1005,10,R,walk,
2025-03-28,trial-pair03,2444,0850,0955,65,P,hw ITSC 3688,
2025-03-28,trial-pair03,2445,0845,0850,5,S,comm,
2025-03-28,trial-pair03,2446,0825,0845,20,P,hw ITSC 3146,
2025-03-28,trial-pair03,2447,0815,0825,10,S,comm,
2025-03-28,trial-pair03,2448,0750,0815,25,P,notes,
2025-03-28,trial-pair03,2449,0740,0750,10,R,walk,
2025-03-28,trial-pair03,2450,0730,0740,10,E,eat,
2025-03-28,trial-pair03,2451,0650,0730,40,R,ready,
2025-03-27,trial-pair03,2455,0040,0105,25,R,br,
2025-03-27,trial-pair03,2456,0035,0040,5,E,eat,
2025-03-27,trial-pair03,2457,2150,0035,165,S,Shaun,
2025-03-27,trial-pair03,2458,2125,2150,25,R,drive,
2025-03-27,trial-pair03,2459,2105,2125,20,S,Ignite,
2025-03-27,trial-pair03,2460,1725,2105,220,GOD,ministry,
2025-03-27,trial-pair03,2461,1700,1725,25,R,drive,
2025-03-27,trial-pair03,2462,1650,1700,10,S,Ritik,
2025-03-27,trial-pair03,2463,1530,1650,80,GOD,ignite Bible study,
2025-03-27,trial-pair03,2464,1515,1530,15,S,Andy,
2025-03-27,trial-pair03,2465,1510,1515,5,R,walk,
2025-03-27,trial-pair03,2466,1455,1510,15,R,drive,
2025-03-27,trial-pair03,2467,1450,1455,5,R,shop,
2025-03-27,trial-pair03,2468,1420,1450,30,S,volunteer,
2025-03-27,trial-pair03,2469,1415,1420,5,R,drive,
2025-03-27,trial-pair03,2470,1405,1415,10,R,walk,
2025-03-27,trial-pair03,2471,1340,1405,25,P,hw ITSC 3688,
2025-03-27,trial-pair03,2472,1335,1340,5,P,notes,
2025-03-27,trial-pair03,2473,1325,1335,10,R,walk,
2025-03-27,trial-pair03,2474,1320,1325,5,E,eat,
2025-03-27,trial-pair03,2475,1305,1320,15,R,shower,
2025-03-27,trial-pair03,2476,1255,1305,10,R,poop,
2025-03-27,trial-pair03,2477,1235,1255,20,P,tm ITSC 3688,
2025-03-27,trial-pair03,2478,1230,1235,5,W,stretch,
2025-03-27,trial-pair03,2479,1220,1230,10,P,tm notes,
2025-03-27,trial-pair03,2480,1215,1220,5,S,Andrew,
2025-03-27,trial-pair03,2481,1210,1215,5,S,Camden,
2025-03-27,trial-pair03,2482,1115,1210,55,W,workout,
2025-03-27,trial-pair03,2483,1100,1115,15,R,walk,
2025-03-27,trial-pair03,2484,1040,1100,20,R,drive,
2025-03-27,trial-pair03,2485,1020,1040,20,R,ready,
2025-03-27,trial-pair03,2486,1015,1020,5,R,cut,
2025-03-27,trial-pair03,2487,0955,1015,20,E,eat,
2025-03-27,trial-pair03,2488,0920,0955,35,GOD,qt,
2025-03-27,trial-pair03,2489,0905,0920,15,R,ready,
2025-03-27,trial-pair03,2490,0840,0905,25,R,poop,
2025-03-27,trial-pair03,2491,0835,0840,5,R,ready,
2025-03-26,trial-pair03,2495,2330,2340,10,S,comm,
2025-03-26,trial-pair03,2496,2320,2330,10,P,notes,
2025-03-26,trial-pair03,2497,2305,2320,15,R,ready,
2025-03-26,trial-pair03,2498,2300,2305,5,R,shower,
2025-03-26,trial-pair03,2499,2245,2300,15,P,tm ITSC 3688,
2025-03-26,trial-pair03,2500,2240,2245,5,F,think,
2025-03-26,trial-pair03,2501,2235,2240,5,S,comm,
2025-03-26,trial-pair03,2502,2230,2235,5,R,ready,
2025-03-26,trial-pair03,2503,2215,2230,15,S,tm comm,
2025-03-26,trial-pair03,2504,2200,2215,15,P,tm school,
2025-03-26,trial-pair03,2505,2150,2200,10,F,dawdle,
2025-03-26,trial-pair03,2506,2140,2150,10,R,ready,
2025-03-26,trial-pair03,2507,2130,2140,10,P,tm school,
2025-03-26,trial-pair03,2508,2110,2130,20,P,tm notes,
2025-03-26,trial-pair03,2509,2105,2110,5,R,ready,
2025-03-26,trial-pair03,2510,2100,2105,5,E,eat,
2025-03-26,trial-pair03,2511,2045,2100,15,S,Comm,
2025-03-26,trial-pair03,2512,2025,2045,20,E,eat,
2025-03-26,trial-pair03,2513,2020,2025,5,S,Ramon,
2025-03-26,trial-pair03,2514,2000,2020,20,R,drive,
2025-03-26,trial-pair03,2515,1945,2000,15,R,walk,
2025-03-26,trial-pair03,2516,1940,1945,5,R,br,
2025-03-26,trial-pair03,2517,1935,1940,5,S,Yasine,
2025-03-26,trial-pair03,2518,1910,1935,25,S,Lydie,
2025-03-26,trial-pair03,2519,1900,1910,10,R,walk,
2025-03-26,trial-pair03,2520,1855,1900,5,S,Dr. Xue,
2025-03-26,trial-pair03,2521,1845,1855,10,R,walk,
2025-03-26,trial-pair03,2522,1730,1845,75,P,ITSC 3156,
2025-03-26,trial-pair03,2523,1725,1730,5,R,br,
2025-03-26,trial-pair03,2524,1710,1725,15,R,walk,
2025-03-26,trial-pair03,2525,1555,1710,75,P,STAT 3150,
2025-03-26,trial-pair03,2526,1550,1555,5,R,walk,
2025-03-26,trial-pair03,2527,1430,1550,80,GOD,ministry,
2025-03-26,trial-pair03,2528,1425,1430,5,R,walk,
2025-03-26,trial-pair03,2529,1405,1425,20,R,poop,
2025-03-26,trial-pair03,2530,1355,1405,10,E,eat,
2025-03-26,trial-pair03,2531,1330,1355,25,P,notes,
2025-03-26,trial-pair03,2532,1325,1330,5,R,walk,
2025-03-26,trial-pair03,2533,1220,1325,65,P,ITSC 3688,
2025-03-26,trial-pair03,2534,1210,1220,10,P,hw ITSC 3688,
2025-03-26,trial-pair03,2535,1205,1210,5,R,br,
2025-03-26,trial-pair03,2536,1200,1205,5,R,walk,
2025-03-26,trial-pair03,2537,1115,1200,45,GOD,ignite,
2025-03-26,trial-pair03,2538,1105,1115,10,R,walk,
2025-03-26,trial-pair03,2539,1100,1105,5,R,br,
2025-03-26,trial-pair03,2540,1030,1100,30,P,hw ITSC 3688,
2025-03-26,trial-pair03,2541,1010,1030,20,P,ITSC 3146,
2025-03-26,trial-pair03,2542,1005,1010,5,R,br,
2025-03-26,trial-pair03,2543,0955,1005,10,P,hw ITSC 3688,
2025-03-26,trial-pair03,2544,0950,0955,5,E,eat,
2025-03-26,trial-pair03,2545,0910,0950,40,P,ITSC 3146,
2025-03-26,trial-pair03,2546,0900,0910,10,R,walk,
2025-03-26,trial-pair03,2547,0835,0900,25,R,poop,
2025-03-26,trial-pair03,2548,0830,0835,5,F,article,
2025-03-26,trial-pair03,2549,0810,0830,20,P,notes,
2025-03-26,trial-pair03,2550,0805,0810,5,R,br,
2025-03-26,trial-pair03,2551,0755,0805,10,R,walk,
2025-03-26,trial-pair03,2552,0750,0755,5,E,eat,
2025-03-26,trial-pair03,2553,0745,0750,5,R,ready,
2025-03-26,trial-pair03,2554,0740,0745,5,R,walk,
2025-03-26,trial-pair03,2555,0725,0740,15,R,drive,
2025-03-26,trial-pair03,2556,0720,0725,5,P,STAT 3688,
2025-03-26,trial-pair03,2557,0715,0720,5,P,notes,
2025-03-26,trial-pair03,2558,0700,0715,15,R,ready,
2025-03-25,trial-pair03,2562,2300,0055,115,S,Jacob Kylie,
2025-03-25,trial-pair03,2563,2245,2300,15,R,drive,
2025-03-25,trial-pair03,2564,2040,2245,125,S,Jacob Kylie,
2025-03-25,trial-pair03,2565,2030,2040,10,R,walk,
2025-03-25,trial-pair03,2566,2020,2030,10,R,drive,
2025-03-25,trial-pair03,2567,2000,2020,20,S,comm,
2025-03-25,trial-pair03,2568,1955,2000,5,R,walk,
2025-03-25,trial-pair03,2569,1940,1955,15,S,Ignite,
2025-03-25,trial-pair03,2570,1935,1940,5,R,walk,
2025-03-25,trial-pair03,2571,1930,1935,5,F,dawdle,
2025-03-25,trial-pair03,2572,1920,1930,10,R,shower,
2025-03-25,trial-pair03,2573,1900,1920,20,P,tm hw ITSC 3146,
2025-03-25,trial-pair03,2574,1855,1900,5,P,notes,
2025-03-25,trial-pair03,2575,1850,1855,5,W,workout,
2025-03-25,trial-pair03,2576,1845,1850,5,S,Kitan co,
2025-03-25,trial-pair03,2577,1835,1845,10,R,walk,
2025-03-25,trial-pair03,2578,1815,1835,20,F,yt,
2025-03-25,trial-pair03,2579,1800,1815,15,R,poop,
2025-03-25,trial-pair03,2580,1750,1800,10,P,school,
2025-03-25,trial-pair03,2581,1745,1750,5,E,eat,
2025-03-25,trial-pair03,2582,1740,1745,5,P,notes,
2025-03-25,trial-pair03,2583,1735,1740,5,R,br,
2025-03-25,trial-pair03,2584,1730,1735,5,S,comm,
2025-03-25,trial-pair03,2585,1725,1730,5,F,think,
2025-03-25,trial-pair03,2586,1720,1725,5,E,eat,
2025-03-25,trial-pair03,2587,1710,1720,10,P,notes,
2025-03-25,trial-pair03,2588,1655,1710,15,P,school,
2025-03-25,trial-pair03,2589,1650,1655,5,S,Ethan,
2025-03-25,trial-pair03,2590,1600,1650,50,P,school,
2025-03-25,trial-pair03,2591,1545,1600,15,P,notes,
2025-03-25,trial-pair03,2592,1540,1545,5,S,CAIR,
2025-03-25,trial-pair03,2593,1530,1540,10,R,walk,
2025-03-25,trial-pair03,2594,1520,1530,10,R,shower,
2025-03-25,trial-pair03,2595,1515,1520,5,R,walk,
2025-03-25,trial-pair03,2596,1500,1515,15,F,dawdle,
2025-03-25,trial-pair03,2597,1450,1500,10,S,comm,
2025-03-25,trial-pair03,2598,1445,1450,5,R,walk,
2025-03-25,trial-pair03,2599,1440,1445,5,S,gym bro,
2025-03-25,trial-pair03,2600,1420,1440,20,W,workout,
2025-03-25,trial-pair03,2601,1410,1420,10,S,Matthew,
2025-03-25,trial-pair03,2602,1400,1410,10,R,walk,
2025-03-25,trial-pair03,2603,1315,1400,45,W,workout,
2025-03-25,trial-pair03,2604,1310,1315,5,R,walk,
2025-03-25,trial-pair03,2605,1300,1310,10,S,Kim,
2025-03-25,trial-pair03,2606,1240,1300,20,S,CAIR,
2025-03-25,trial-pair03,2607,1225,1240,15,R,walk,
2025-03-25,trial-pair03,2608,1210,1225,15,R,drive,
2025-03-25,trial-pair03,2609,1145,1210,25,R,ready,
2025-03-25,trial-pair03,2610,1140,1145,5,S,Dan,
2025-03-25,trial-pair03,2611,1130,1140,10,E,eat,
2025-03-25,trial-pair03,2612,1120,1130,10,F,dawdle,
2025-03-25,trial-pair03,2613,1045,1120,35,P,business,
2025-03-25,trial-pair03,2614,1035,1045,10,P,notes,
2025-03-25,trial-pair03,2615,1030,1035,5,F,dawdle,
2025-03-25,trial-pair03,2616,1025,1030,5,F,think,
2025-03-25,trial-pair03,2617,1020,1025,5,W,stretch,
2025-03-25,trial-pair03,2618,0945,1020,35,GOD,qt,
2025-03-25,trial-pair03,2619,0940,0945,5,F,dawdle,
2025-03-25,trial-pair03,2620,0930,0940,10,P,business,
2025-03-25,trial-pair03,2621,0925,0930,5,S,comm,
2025-03-25,trial-pair03,2622,0920,0925,5,F,dawdle,
2025-03-25,trial-pair03,2623,0910,0920,10,P,business,
2025-03-25,trial-pair03,2624,0855,0910,15,E,eat,
2025-03-25,trial-pair03,2625,0830,0855,25,P,business,
2025-03-25,trial-pair03,2626,0825,0830,5,R,ready,
2025-03-25,trial-pair03,2627,0820,0825,5,R,shower,
2025-03-25,trial-pair03,2628,0800,0820,20,R,poop,
2025-03-25,trial-pair03,2629,0755,0800,5,F,dawdle,
2025-03-24,trial-pair03,2633,0005,0010,5,P,notes,
2025-03-24,trial-pair03,2634,0000,0005,5,R,ready,
2025-03-24,trial-pair03,2635,2355,0000,5,E,eat,
2025-03-24,trial-pair03,2636,2345,2355,10,R,drive,
2025-03-24,trial-pair03,2637,2330,2345,15,R,walk,
2025-03-24,trial-pair03,2638,2240,2330,50,S,CAIR,
2025-03-24,trial-pair03,2639,2050,2240,110,P,hw ITSC 3146,
2025-03-24,trial-pair03,2640,2045,2050,5,P,notes,
2025-03-24,trial-pair03,2641,1930,2045,75,P,hw ITSC 3156,
2025-03-24,trial-pair03,2642,1900,1930,30,S,CAIR,
2025-03-24,trial-pair03,2643,1850,1900,10,R,walk,
2025-03-24,trial-pair03,2644,1725,1850,85,P,ITSC 3156,
2025-03-24,trial-pair03,2645,1720,1725,5,R,walk,
2025-03-24,trial-pair03,2646,1655,1720,25,P,hw ITSC 3156,
2025-03-24,trial-pair03,2647,1650,1655,5,R,walk,
2025-03-24,trial-pair03,2648,1600,1650,50,P,STAT 3150,
2025-03-24,trial-pair03,2649,1550,1600,10,R,walk,
2025-03-24,trial-pair03,2650,1545,1550,5,P,hw ITSC 3156,
2025-03-24,trial-pair03,2651,1525,1545,20,R,poop,
2025-03-24,trial-pair03,2652,1520,1525,5,F,yt,
2025-03-24,trial-pair03,2653,1510,1520,10,F,create,
2025-03-24,trial-pair03,2654,1505,1510,5,S,Naami,
2025-03-24,trial-pair03,2655,1420,1505,45,P,hw STAT 3150,
2025-03-24,trial-pair03,2656,1415,1420,5,R,walk,
2025-03-24,trial-pair03,2657,1330,1415,45,GOD,ignite evangelism,
2025-03-24,trial-pair03,2658,1325,1330,5,R,walk,
2025-03-24,trial-pair03,2659,1320,1325,5,S,Dr. J,
2025-03-24,trial-pair03,2660,1215,1320,65,P,ITSC 3688,
2025-03-24,trial-pair03,2661,1205,1215,10,F,nap,
2025-03-24,trial-pair03,2662,1155,1205,10,R,walk,
2025-03-24,trial-pair03,2663,1150,1155,5,R,br,
2025-03-24,trial-pair03,2664,1100,1150,50,P,hw ITSC 3688,
2025-03-24,trial-pair03,2665,1010,1100,50,P,ITSC 3146,
2025-03-24,trial-pair03,2666,1000,1010,10,R,walk,
2025-03-24,trial-pair03,2667,0940,1000,20,P,hw STAT 3150,
2025-03-24,trial-pair03,2668,0935,0940,5,R,walk,
2025-03-24,trial-pair03,2669,0920,0935,15,R,drive,
2025-03-24,trial-pair03,2670,0915,0920,5,R,ready,
2025-03-24,trial-pair03,2671,0900,0915,15,E,eat,
2025-03-24,trial-pair03,2672,0855,0900,5,F,dressup,
2025-03-24,trial-pair03,2673,0850,0855,5,R,ready,
2025-03-24,trial-pair03,2674,0840,0850,10,R,ready,
2025-03-24,trial-pair03,2675,0835,0840,5,F,yt,
2025-03-24,trial-pair03,2676,0820,0835,15,R,poop,
2025-03-24,trial-pair03,2677,0815,0820,5,R,ready,
2025-03-24,trial-pair03,2678,0645,0815,90,P,tm hw STAT 3150,
2025-03-24,trial-pair03,2679,0640,0645,5,P,tm notes,
2025-03-24,trial-pair03,2680,0630,0640,10,P,hw STAT 3150,
2025-03-24,trial-pair03,2681,0620,0630,10,GOD,qt,
2025-03-24,trial-pair03,2682,0610,0620,10,R,br,
2025-03-24,trial-pair03,2683,0600,0610,10,E,eat,
2025-03-24,trial-pair03,2684,0550,0600,10,R,ready,
2024-11-18,trial-pair04,2688,2315,2325,10,P,hw STAT 3160,
2024-11-18,trial-pair04,2689,2255,2315,20,P,hw ITSC 2181,
2024-11-18,trial-pair04,2690,2250,2255,5,R,ready,
2024-11-18,trial-pair04,2691,2240,2250,10,R,shower,
2024-11-18,trial-pair04,2692,2205,2240,35,P,tm research,
2024-11-18,trial-pair04,2693,2155,2205,10,P,tm hw ITSC 2181,
2024-11-18,trial-pair04,2694,2145,2155,10,R,ready,
2024-11-18,trial-pair04,2695,2140,2145,5,F,think,
2024-11-18,trial-pair04,2696,1950,2140,110,P,hw STAT 3160,
2024-11-18,trial-pair04,2697,1910,1950,40,E,eat,
2024-11-18,trial-pair04,2698,1900,1910,10,R,drive,
2024-11-18,trial-pair04,2699,1845,1900,15,R,walk,
2024-11-18,trial-pair04,2700,1755,1845,50,W,workout,
2024-11-18,trial-pair04,2701,1745,1755,10,S,Tanmai,
2024-11-18,trial-pair04,2702,1735,1745,10,R,walk,
2024-11-18,trial-pair04,2703,1720,1735,15,P,hw ITSC 3153,
2024-11-18,trial-pair04,2704,1715,1720,5,R,walk,
2024-11-18,trial-pair04,2705,1555,1715,80,P,ITSC 3153,
2024-11-18,trial-pair04,2706,1550,1555,5,R,walk,
2024-11-18,trial-pair04,2707,1540,1550,10,F,words,
2024-11-18,trial-pair04,2708,1525,1540,15,P,notes,
2024-11-18,trial-pair04,2709,1515,1525,10,E,eat,
2024-11-18,trial-pair04,2710,1440,1515,35,P,school,
2024-11-18,trial-pair04,2711,1420,1440,20,S,CAIR,
2024-11-18,trial-pair04,2712,1415,1420,5,P,hw STAT 3160,
2024-11-18,trial-pair04,2713,1410,1415,5,S,Youjun,
2024-11-18,trial-pair04,2714,1350,1410,20,E,eat,
2024-11-18,trial-pair04,2715,1340,1350,10,R,walk,
2024-11-18,trial-pair04,2716,1330,1340,10,S,Jackson,
2024-11-18,trial-pair04,2717,1225,1330,65,GOD,ignite,
2024-11-18,trial-pair04,2718,1215,1225,10,R,walk,
2024-11-18,trial-pair04,2719,1205,1215,10,E,eat,
2024-11-18,trial-pair04,2720,1200,1205,5,R,walk,
2024-11-18,trial-pair04,2721,1140,1200,20,P,hw STAT 3160,
2024-11-18,trial-pair04,2722,1110,1140,30,P,hw STAT 3160,
2024-11-18,trial-pair04,2723,1105,1110,5,S,comm,
2024-11-18,trial-pair04,2724,1100,1105,5,R,walk,
2024-11-18,trial-pair04,2725,1010,1100,50,P,STAT 3160,
2024-11-18,trial-pair04,2726,1005,1010,5,R,walk,
2024-11-18,trial-pair04,2727,0945,1005,20,P,hw STAT 3160,
2024-11-18,trial-pair04,2728,0940,0945,5,R,walk,
2024-11-18,trial-pair04,2729,0925,0940,15,R,drive,
2024-11-18,trial-pair04,2730,0915,0925,10,P,notes,
2024-11-18,trial-pair04,2731,0910,0915,5,P,notes,
2024-11-18,trial-pair04,2732,0850,0910,20,R,ready,
2024-11-18,trial-pair04,2733,0845,0850,5,F,CGPT,
2024-11-18,trial-pair04,2734,0840,0845,5,R,ready,
2024-11-18,trial-pair04,2735,0820,0840,20,E,eat,
2024-11-18,trial-pair04,2736,0810,0820,10,R,shower,
2024-11-18,trial-pair04,2737,0755,0810,15,R,poop,
2024-11-18,trial-pair04,2738,0745,0755,10,R,ready,
2024-11-18,trial-pair04,2739,0730,0745,15,GOD,qt,
2024-11-18,trial-pair04,2740,0725,0730,5,R,ready,
2024-11-17,trial-pair04,2745,2255,2300,5,R,ready,
2024-11-17,trial-pair04,2746,2240,2255,15,P,work,
2024-11-17,trial-pair04,2747,2230,2240,10,F,yt,
2024-11-17,trial-pair04,2748,2225,2230,5,GOD,ministry,
2024-11-17,trial-pair04,2749,2220,2225,5,S,comm,
2024-11-17,trial-pair04,2750,2215,2220,5,F,va,
2024-11-17,trial-pair04,2751,2155,2215,20,P,notes,
2024-11-17,trial-pair04,2752,2150,2155,5,R,drive,
2024-11-17,trial-pair04,2753,2145,2150,5,F,think,
2024-11-17,trial-pair04,2754,2140,2145,5,S,Stacey,
2024-11-17,trial-pair04,2755,2130,2140,10,R,shop,
2024-11-17,trial-pair04,2756,2125,2130,5,R,drive,
2024-11-17,trial-pair04,2757,2120,2125,5,P,business,
2024-11-17,trial-pair04,2758,2055,2120,25,GOD,ministry,
2024-11-17,trial-pair04,2759,2035,2055,20,P,notes,
2024-11-17,trial-pair04,2760,2025,2035,10,R,ready,
2024-11-17,trial-pair04,2761,2005,2025,20,R,ready,
2024-11-17,trial-pair04,2762,2000,2005,5,P,notes,
2024-11-17,trial-pair04,2763,1950,2000,10,S,Dan Roy,
2024-11-17,trial-pair04,2764,1945,1950,5,R,clean,
2024-11-17,trial-pair04,2765,1930,1945,15,S,Dan Roy,
2024-11-17,trial-pair04,2766,1840,1930,50,E,eat,
2024-11-17,trial-pair04,2767,1800,1840,40,R,drive,
2024-11-17,trial-pair04,2768,1745,1800,15,S,comm,
2024-11-17,trial-pair04,2769,1740,1745,5,R,walk,
2024-11-17,trial-pair04,2770,1720,1740,20,F,dawdle...,
2024-11-17,trial-pair04,2771,1710,1720,10,P,notes,
2024-11-17,trial-pair04,2772,1705,1710,5,R,walk,
2024-11-17,trial-pair04,2773,1655,1705,10,R,shower,
2024-11-17,trial-pair04,2774,1650,1655,5,R,poop,
2024-11-17,trial-pair04,2775,1640,1650,10,R,walk,
2024-11-17,trial-pair04,2776,1345,1640,175,S,Tyler,
2024-11-17,trial-pair04,2777,1335,1345,10,R,walk,
2024-11-17,trial-pair04,2778,1330,1335,5,S,comm,
2024-11-17,trial-pair04,2779,1310,1330,20,F,yt,
2024-11-17,trial-pair04,2780,1230,1310,40,F,nap,
2024-11-17,trial-pair04,2781,1225,1230,5,R,walk,
2024-11-17,trial-pair04,2782,1220,1225,5,F,think,
2024-11-17,trial-pair04,2783,1215,1220,5,R,drive,
2024-11-17,trial-pair04,2784,1210,1215,5,E,eat,
2024-11-17,trial-pair04,2785,1200,1210,10,R,shop,
2024-11-17,trial-pair04,2786,1130,1200,30,R,drive,
2024-11-17,trial-pair04,2787,1020,1130,70,P,business,
2024-11-17,trial-pair04,2788,1010,1020,10,P,hw ITSC 2181,
2024-11-17,trial-pair04,2789,1005,1010,5,P,business,
2024-11-17,trial-pair04,2790,0950,1005,15,P,notes,
2024-11-17,trial-pair04,2791,0930,0950,20,P,business,
2024-11-17,trial-pair04,2792,0910,0930,20,E,eat,
2024-11-17,trial-pair04,2793,0845,0910,25,P,business,
2024-11-17,trial-pair04,2794,0840,0845,5,F,dressup,
2024-11-17,trial-pair04,2795,0830,0840,10,R,ready,
2024-11-17,trial-pair04,2796,0825,0830,5,F,various,
2024-11-17,trial-pair04,2797,0800,0825,25,P,business,
2024-11-17,trial-pair04,2798,0750,0800,10,R,shower,
2024-11-17,trial-pair04,2799,0740,0750,10,R,poop,
2024-11-17,trial-pair04,2800,0730,0740,10,P,business,
2024-11-17,trial-pair04,2801,0725,0730,5,R,br,
2024-11-16,trial-pair04,2805,2230,2245,15,R,ready,
2024-11-16,trial-pair04,2806,2205,2230,25,F,yt,
2024-11-16,trial-pair04,2807,2140,2205,25,P,hw ITSC 2600,
2024-11-16,trial-pair04,2808,2135,2140,5,R,ready,
2024-11-16,trial-pair04,2809,2105,2135,30,F,music,
2024-11-16,trial-pair04,2810,2055,2105,10,E,eat,
2024-11-16,trial-pair04,2811,2045,2055,10,P,business,
2024-11-16,trial-pair04,2812,1910,2045,95,F,yt,
2024-11-16,trial-pair04,2813,1900,1910,10,E,eat,
2024-11-16,trial-pair04,2814,1845,1900,15,P,hw ITSC 2600,
2024-11-16,trial-pair04,2815,1840,1845,5,F,dawdle,
2024-11-16,trial-pair04,2816,1835,1840,5,S,comm,
2024-11-16,trial-pair04,2817,1830,1835,5,P,notes,
2024-11-16,trial-pair04,2818,1820,1830,10,E,eat,
2024-11-16,trial-pair04,2819,1800,1820,20,S,comm,
2024-11-16,trial-pair04,2820,1745,1800,15,F,va,
2024-11-16,trial-pair04,2821,1700,1745,45,P,hw ITSC 2600,
2024-11-16,trial-pair04,2822,1635,1700,25,E,eat,
2024-11-16,trial-pair04,2823,1525,1635,70,P,hw ITSC 2600,
2024-11-16,trial-pair04,2824,1520,1525,5,S,comm,
2024-11-16,trial-pair04,2825,1510,1520,10,W,stretch,
2024-11-16,trial-pair04,2826,1500,1510,10,S,comm,
2024-11-16,trial-pair04,2827,1455,1500,5,F,reddit,
2024-11-16,trial-pair04,2828,1450,1455,5,F,va,
2024-11-16,trial-pair04,2829,1445,1450,5,F,eat,
2024-11-16,trial-pair04,2830,1430,1445,15,P,business,
2024-11-16,trial-pair04,2831,1415,1430,15,F,think,
2024-11-16,trial-pair04,2832,1330,1415,45,P,business,
2024-11-16,trial-pair04,2833,1305,1330,25,F,reddit,
2024-11-16,trial-pair04,2834,1255,1305,10,F,va,
2024-11-16,trial-pair04,2835,1245,1255,10,R,ready,
2024-11-16,trial-pair04,2836,1220,1245,25,E,eat,
2024-11-16,trial-pair04,2837,1210,1220,10,R,drive,
2024-11-16,trial-pair04,2838,1205,1210,5,F,shop,
2024-11-16,trial-pair04,2839,1150,1205,15,P,business,
2024-11-16,trial-pair04,2840,1120,1150,30,R,drive,
2024-11-16,trial-pair04,2841,1115,1120,5,F,stand!!,
2024-11-16,trial-pair04,2842,1100,1115,15,R,shop,
2024-11-16,trial-pair04,2843,1055,1100,5,R,drive,
2024-11-16,trial-pair04,2844,1045,1055,10,F,gw,
2024-11-16,trial-pair04,2845,1035,1045,10,R,drive,
2024-11-16,trial-pair04,2846,1030,1035,5,S,dudes,
2024-11-16,trial-pair04,2847,0830,1030,120,GOD,ignite Bible study,
2024-11-16,trial-pair04,2848,0800,0830,30,R,drive,
2024-11-16,trial-pair04,2849,0750,0800,10,R,poop,
2024-11-16,trial-pair04,2850,0735,0750,15,P,business,
2024-11-16,trial-pair04,2851,0725,0735,10,R,ready,
2024-11-16,trial-pair04,2852,0720,0725,5,E,eat,
2024-11-16,trial-pair04,2853,0715,0720,5,R,br,
2024-11-15,trial-pair04,2857,2245,2310,25,F,music,
2024-11-15,trial-pair04,2858,2235,2245,10,R,ready,
2024-11-15,trial-pair04,2859,2225,2235,10,F,dawdle,
2024-11-15,trial-pair04,2860,2215,2225,10,R,shower,
2024-11-15,trial-pair04,2861,2205,2215,10,R,poop,
2024-11-15,trial-pair04,2862,2105,2205,60,F,music,
2024-11-15,trial-pair04,2863,2050,2105,15,P,hw STAT 3160,
2024-11-15,trial-pair04,2864,2045,2050,5,F,dance,
2024-11-15,trial-pair04,2865,2035,2045,10,S,comm,
2024-11-15,trial-pair04,2866,2030,2035,5,F,dawdle,
2024-11-15,trial-pair04,2867,2025,2030,5,E,eat,
2024-11-15,trial-pair04,2868,2020,2025,5,P,business,
2024-11-15,trial-pair04,2869,2015,2020,5,R,walk,
2024-11-15,trial-pair04,2870,1920,2015,55,P,hw ITSC 2181,
2024-11-15,trial-pair04,2871,1905,1920,15,E,eat,
2024-11-15,trial-pair04,2872,1815,1905,50,P,hw ITSC 2600,
2024-11-15,trial-pair04,2873,1805,1815,10,F,music,
2024-11-15,trial-pair04,2874,1745,1805,20,E,eat,
2024-11-15,trial-pair04,2875,1730,1745,15,F,pb powder,
2024-11-15,trial-pair04,2876,1725,1730,5,S,comm,
2024-11-15,trial-pair04,2877,1720,1725,5,E,eat,
2024-11-15,trial-pair04,2878,1715,1720,5,R,ready,
2024-11-15,trial-pair04,2879,1705,1715,10,E,eat,
2024-11-15,trial-pair04,2880,1650,1705,15,P,business,
2024-11-15,trial-pair04,2881,1630,1650,20,S,Elec,
2024-11-15,trial-pair04,2882,1610,1630,20,E,eat,
2024-11-15,trial-pair04,2883,1550,1610,20,R,drive,
2024-11-15,trial-pair04,2884,1540,1550,10,E,eat,
2024-11-15,trial-pair04,2885,1530,1540,10,R,drive,
2024-11-15,trial-pair04,2886,1515,1530,15,R,walk,
2024-11-15,trial-pair04,2887,1440,1515,35,W,workout,
2024-11-15,trial-pair04,2888,1435,1440,5,W,stretch,
2024-11-15,trial-pair04,2889,1430,1435,5,S,comm,
2024-11-15,trial-pair04,2890,1420,1430,10,R,walk,
2024-11-15,trial-pair04,2891,1315,1420,65,GOD,ignite,
2024-11-15,trial-pair04,2892,1245,1315,30,R,walk,
2024-11-15,trial-pair04,2893,1240,1245,5,F,think,
2024-11-15,trial-pair04,2894,1235,1240,5,S,Brae,
2024-11-15,trial-pair04,2895,1215,1235,20,R,drive,
2024-11-15,trial-pair04,2896,1210,1215,5,F,dawdle,
2024-11-15,trial-pair04,2897,1155,1210,15,E,eat,
2024-11-15,trial-pair04,2898,1140,1155,15,R,ready,
2024-11-15,trial-pair04,2899,1045,1140,55,P,hw ITSC 2600,
2024-11-15,trial-pair04,2900,1035,1045,10,F,music,
2024-11-15,trial-pair04,2901,1020,1035,15,F,politics,
2024-11-15,trial-pair04,2902,1015,1020,5,P,hw ITSC 2181,
2024-11-15,trial-pair04,2903,1010,1015,5,P,notes,
2024-11-15,trial-pair04,2904,1005,1010,5,F,va,
2024-11-15,trial-pair04,2905,1000,1005,5,P,notes,
2024-11-15,trial-pair04,2906,0950,1000,10,R,ready,
2024-11-15,trial-pair04,2907,0935,0950,15,GOD,qt,
2024-11-15,trial-pair04,2908,0930,0935,5,GOD,pray,
2024-11-15,trial-pair04,2909,0925,0930,5,F,fix,
2024-11-15,trial-pair04,2910,0920,0925,5,R,shower,
2024-11-15,trial-pair04,2911,0905,0920,15,F,dawdle...,
2024-11-15,trial-pair04,2912,0845,0905,20,R,clean,
2024-11-15,trial-pair04,2913,0840,0845,5,S,Dan,
2024-11-15,trial-pair04,2914,0820,0840,20,E,eat,
2024-11-15,trial-pair04,2915,0800,0820,20,R,poop,
2024-11-15,trial-pair04,2916,0755,0800,5,F,dressup,
2024-11-15,trial-pair04,2917,0740,0755,15,R,laundry,
2024-11-15,trial-pair04,2918,0735,0740,5,F,sit in bed,
2024-11-14,trial-pair04,2922,2220,2225,5,F,dawdle,
2024-11-14,trial-pair04,2923,2210,2220,10,P,notes,
2024-11-14,trial-pair04,2924,2200,2210,10,R,laundry,
2024-11-14,trial-pair04,2925,2150,2200,10,GOD,ministry,
2024-11-14,trial-pair04,2926,2140,2150,10,F,think,
2024-11-14,trial-pair04,2927,2115,2140,25,R,ready,
2024-11-14,trial-pair04,2928,2110,2115,5,S,comm,
2024-11-14,trial-pair04,2929,2105,2110,5,P,notes,
2024-11-14,trial-pair04,2930,2100,2105,5,GOD,pray,
2024-11-14,trial-pair04,2931,2055,2100,5,F,dawdle,
2024-11-14,trial-pair04,2932,2050,2055,5,R,ready,
2024-11-14,trial-pair04,2933,2035,2050,15,S,Dan Debbie,
2024-11-14,trial-pair04,2934,2030,2035,5,R,laundry,
2024-11-14,trial-pair04,2935,2020,2030,10,R,shower,
2024-11-14,trial-pair04,2936,1945,2020,35,F,dawdle,
2024-11-14,trial-pair04,2937,1910,1945,35,E,eat,
2024-11-14,trial-pair04,2938,1855,1910,15,R,drive,
2024-11-14,trial-pair04,2939,1840,1855,15,R,walk,
2024-11-14,trial-pair04,2940,1800,1840,40,W,workout,
2024-11-14,trial-pair04,2941,1740,1800,20,R,poop,
2024-11-14,trial-pair04,2942,1735,1740,5,R,walk,
2024-11-14,trial-pair04,2943,1720,1735,15,P,research,
2024-11-14,trial-pair04,2944,1705,1720,15,P,research,
2024-11-14,trial-pair04,2945,1700,1705,5,R,walk,
2024-11-14,trial-pair04,2946,1620,1700,40,P,ITSC 2600,
2024-11-14,trial-pair04,2947,1600,1620,20,R,walk,
2024-11-14,trial-pair04,2948,1540,1600,20,R,drive,
2024-11-14,trial-pair04,2949,1520,1540,20,R,drive,
2024-11-14,trial-pair04,2950,1500,1520,20,R,shop,
2024-11-14,trial-pair04,2951,1355,1500,65,GOD,ministry,
2024-11-14,trial-pair04,2952,1340,1355,15,R,drive,
2024-11-14,trial-pair04,2953,1330,1340,10,R,ready,
2024-11-14,trial-pair04,2954,1325,1330,5,F,photos,
2024-11-14,trial-pair04,2955,1305,1325,20,F,nap,
2024-11-14,trial-pair04,2956,1300,1305,5,R,ready,
2024-11-14,trial-pair04,2957,1245,1300,15,E,eat,
2024-11-14,trial-pair04,2958,1130,1245,75,P,hw ITSC 2181,
2024-11-14,trial-pair04,2959,1125,1130,5,S,comm,
2024-11-14,trial-pair04,2960,1110,1125,15,P,hw ITSC 2181,
2024-11-14,trial-pair04,2961,1100,1110,10,R,shop,
2024-11-14,trial-pair04,2962,1050,1100,10,GOD,qt,
2024-11-14,trial-pair04,2963,1040,1050,10,P,hw ITSC 2181,
2024-11-14,trial-pair04,2964,1035,1040,5,P,notes,
2024-11-14,trial-pair04,2965,1030,1035,5,R,shower,
2024-11-14,trial-pair04,2966,0950,1030,40,F,dawdle,
2024-11-14,trial-pair04,2967,0945,0950,5,P,school,
2024-11-14,trial-pair04,2968,0940,0945,5,R,ready,
2024-11-14,trial-pair04,2969,0915,0940,25,GOD,qt,
2024-11-14,trial-pair04,2970,0910,0915,5,R,ready,
2024-11-14,trial-pair04,2971,0850,0910,20,E,eat,
2024-11-14,trial-pair04,2972,0840,0850,10,R,shower,
2024-11-14,trial-pair04,2973,0825,0840,15,R,poop,
2024-11-14,trial-pair04,2974,0820,0825,5,W,stretch,
2024-11-14,trial-pair04,2975,0810,0820,10,R,ready,
2024-11-14,trial-pair04,2976,0805,0810,5,F,sit in bed,
2024-11-13,trial-pair04,2980,2200,2210,10,F,dawdle,
2024-11-13,trial-pair04,2981,2155,2200,5,R,ready,
2024-11-13,trial-pair04,2982,2115,2155,40,F,music,
2024-11-13,trial-pair04,2983,2110,2115,5,P,notes,
2024-11-13,trial-pair04,2984,2100,2110,10,R,shower,
2024-11-13,trial-pair04,2985,2050,2100,10,R,shop,
2024-11-13,trial-pair04,2986,2040,2050,10,F,va,
2024-11-13,trial-pair04,2987,2030,2040,10,S,comm,
2024-11-13,trial-pair04,2988,2020,2030,10,R,ready,
2024-11-13,trial-pair04,2989,1945,2020,35,E,eat,
2024-11-13,trial-pair04,2990,1940,1945,5,R,ready,
2024-11-13,trial-pair04,2991,1930,1940,10,R,drive,
2024-11-13,trial-pair04,2992,1920,1930,10,R,walk,
2024-11-13,trial-pair04,2993,1915,1920,5,S,Eric,
2024-11-13,trial-pair04,2994,1900,1915,15,P,research,
2024-11-13,trial-pair04,2995,1855,1900,5,F,think,
2024-11-13,trial-pair04,2996,1800,1855,55,P,hw ITSC 2181,
2024-11-13,trial-pair04,2997,1740,1800,20,S,CAIR,
2024-11-13,trial-pair04,2998,1730,1740,10,E,eat,
2024-11-13,trial-pair04,2999,1725,1730,5,F,decide…,
2024-11-13,trial-pair04,3000,1720,1725,5,R,walk,
2024-11-13,trial-pair04,3001,1600,1720,80,P,ITSC 3153,
2024-11-13,trial-pair04,3002,1555,1600,5,S,Palooza,
2024-11-13,trial-pair04,3003,1550,1555,5,R,walk,
2024-11-13,trial-pair04,3004,1430,1550,80,P,ITSC 2181,
2024-11-13,trial-pair04,3005,1420,1430,10,S,CAIR,
2024-11-13,trial-pair04,3006,1330,1420,50,P,research,
2024-11-13,trial-pair04,3007,1325,1330,5,S,CAIR,
2024-11-13,trial-pair04,3008,1320,1325,5,R,br,
2024-11-13,trial-pair04,3009,1305,1320,15,E,eat,
2024-11-13,trial-pair04,3010,1300,1305,5,F,dawdle...,
2024-11-13,trial-pair04,3011,1255,1300,5,S,Sam,
2024-11-13,trial-pair04,3012,1250,1255,5,R,walk,
2024-11-13,trial-pair04,3013,1245,1250,5,S,dudes,
2024-11-13,trial-pair04,3014,1240,1245,5,R,walk,
2024-11-13,trial-pair04,3015,1220,1240,20,GOD,ministry,
2024-11-13,trial-pair04,3016,1210,1220,10,E,eat,
2024-11-13,trial-pair04,3017,1205,1210,5,R,walk,
2024-11-13,trial-pair04,3018,1110,1205,55,P,hw STAT 3160,
2024-11-13,trial-pair04,3019,1100,1110,10,R,walk,
2024-11-13,trial-pair04,3020,1005,1100,55,P,STAT 3160,
2024-11-13,trial-pair04,3021,1000,1005,5,R,walk,
2024-11-13,trial-pair04,3022,0920,1000,40,GOD,ignite,
2024-11-13,trial-pair04,3023,0905,0920,15,R,walk,
2024-11-13,trial-pair04,3024,0845,0905,20,R,drive,
2024-11-13,trial-pair04,3025,0840,0845,5,F,dressup,
2024-11-13,trial-pair04,3026,0830,0840,10,R,ready,
2024-11-13,trial-pair04,3027,0815,0830,15,E,eat,
2024-11-13,trial-pair04,3028,0810,0815,5,R,ready,
2024-11-12,trial-pair04,3032,2150,2200,10,F,music,
2024-11-12,trial-pair04,3033,2145,2150,5,P,notes,
2024-11-12,trial-pair04,3034,2130,2145,15,R,ready,
2024-11-12,trial-pair04,3035,2120,2130,10,R,shower,
2024-11-12,trial-pair04,3036,2110,2120,10,R,poop,
2024-11-12,trial-pair04,3037,2105,2110,5,P,notes,
2024-11-12,trial-pair04,3038,2050,2105,15,P,hw ITSC 2181,
2024-11-12,trial-pair04,3039,2045,2050,5,P,notes,
2024-11-12,trial-pair04,3040,2035,2045,10,R,ready,
2024-11-12,trial-pair04,3041,1945,2035,50,E,eat,
2024-11-12,trial-pair04,3042,1930,1945,15,R,drive,
2024-11-12,trial-pair04,3043,1920,1930,10,R,walk,
2024-11-12,trial-pair04,3044,1900,1920,20,S,Riley,
2024-11-12,trial-pair04,3045,1855,1900,5,R,walk,
2024-11-12,trial-pair04,3046,1835,1855,20,P,hw ITSC 2181,
2024-11-12,trial-pair04,3047,1830,1835,5,P,notes,
2024-11-12,trial-pair04,3048,1825,1830,5,F,dawdle,
2024-11-12,trial-pair04,3049,1745,1825,40,P,research,
2024-11-12,trial-pair04,3050,1740,1745,5,F,dawdle,
2024-11-12,trial-pair04,3051,1725,1740,15,P,research,
2024-11-12,trial-pair04,3052,1720,1725,5,P,notes,
2024-11-12,trial-pair04,3053,1715,1720,5,S,CAIR,
2024-11-12,trial-pair04,3054,1700,1715,15,E,eat,
2024-11-12,trial-pair04,3055,1655,1700,5,R,walk,
2024-11-12,trial-pair04,3056,1600,1655,55,P,ITSC 2600,
2024-11-12,trial-pair04,3057,1510,1600,50,S,Ahmed,
2024-11-12,trial-pair04,3058,1505,1510,5,R,walk,
2024-11-12,trial-pair04,3059,1450,1505,15,R,poop,
2024-11-12,trial-pair04,3060,1440,1450,10,P,research,
2024-11-12,trial-pair04,3061,1430,1440,10,R,walk,
2024-11-12,trial-pair04,3062,1425,1430,5,F,sit,
2024-11-12,trial-pair04,3063,1420,1425,5,R,walk,
2024-11-12,trial-pair04,3064,1415,1420,5,GOD,ministry,
2024-11-12,trial-pair04,3065,1355,1415,20,S,Zecharai,
2024-11-12,trial-pair04,3066,1345,1355,10,R,walk,
2024-11-12,trial-pair04,3067,1340,1345,5,E,eat,
2024-11-12,trial-pair04,3068,1335,1340,5,R,walk,
2024-11-12,trial-pair04,3069,1320,1335,15,P,research,
2024-11-12,trial-pair04,3070,1315,1320,5,F,reddit,
2024-11-12,trial-pair04,3071,1305,1315,10,P,school,
2024-11-12,trial-pair04,3072,1300,1305,5,R,walk,
2024-11-12,trial-pair04,3073,1250,1300,10,P,school,
2024-11-12,trial-pair04,3074,1125,1250,85,P,ITSC 2181,
2024-11-12,trial-pair04,3075,1120,1125,5,R,walk,
2024-11-12,trial-pair04,3076,1115,1120,5,P,notes,
2024-11-12,trial-pair04,3077,1105,1115,10,GOD,journal,
2024-11-12,trial-pair04,3078,1050,1105,15,R,walk,
2024-11-12,trial-pair04,3079,1045,1050,5,R,drive,
2024-11-12,trial-pair04,3080,1040,1045,5,GOD,ministry,
2024-11-12,trial-pair04,3081,1035,1040,5,R,gas,
2024-11-12,trial-pair04,3082,1020,1035,15,R,drive,
2024-11-12,trial-pair04,3083,1005,1020,15,R,ready,
2024-11-12,trial-pair04,3084,0955,1005,10,E,eat,
2024-11-12,trial-pair04,3085,0945,0955,10,P,notes,
2024-11-12,trial-pair04,3086,0935,0945,10,F,shop for Dr. Xue,
2024-11-12,trial-pair04,3087,0915,0935,20,GOD,ministry,
2024-11-12,trial-pair04,3088,0910,0915,5,F,think,
2024-11-12,trial-pair04,3089,0845,0910,25,R,poop,
2024-11-12,trial-pair04,3090,0840,0845,5,R,ready,
2024-11-12,trial-pair04,3091,0815,0840,25,GOD,qt,
2024-11-12,trial-pair04,3092,0755,0815,20,E,eat,
2024-11-12,trial-pair04,3093,0745,0755,10,R,ready,
2024-11-11,trial-pair04,3097,2345,0000,15,R,ready,
2024-11-11,trial-pair04,3098,2335,2345,10,R,shower,
2024-11-11,trial-pair04,3099,2325,2335,10,F,music,
2024-11-11,trial-pair04,3100,2210,2325,75,P,hw ITSC 3153,
2024-11-11,trial-pair04,3101,2145,2210,25,F,dawdle,
2024-11-11,trial-pair04,3102,2110,2145,35,P,hw ITSC 3153,
2024-11-11,trial-pair04,3103,2105,2110,5,R,ready,
2024-11-11,trial-pair04,3104,2035,2105,30,E,cook,
2024-11-11,trial-pair04,3105,2005,2035,30,E,eat,
2024-11-11,trial-pair04,3106,1950,2005,15,R,drive,
2024-11-11,trial-pair04,3107,1930,1950,20,R,walk,
2024-11-11,trial-pair04,3108,1925,1930,5,P,notes,
2024-11-11,trial-pair04,3109,1915,1925,10,P,hw ITSC 3153,
2024-11-11,trial-pair04,3110,1910,1915,5,P,notes,
2024-11-11,trial-pair04,3111,1845,1910,25,P,hw ITSC 3153,
2024-11-11,trial-pair04,3112,1740,1845,65,F,CAIR,
2024-11-11,trial-pair04,3113,1730,1740,10,E,eat,
2024-11-11,trial-pair04,3114,1720,1730,10,P,research,
2024-11-11,trial-pair04,3115,1635,1720,45,S,CAIR,
2024-11-11,trial-pair04,3116,1625,1635,10,E,eat,
2024-11-11,trial-pair04,3117,1620,1625,5,S,Riley,
2024-11-11,trial-pair04,3118,1610,1620,10,S,Dr. Shin,
2024-11-11,trial-pair04,3119,1600,1610,10,R,walk,
2024-11-11,trial-pair04,3120,1550,1600,10,F,wait,
2024-11-11,trial-pair04,3121,1540,1550,10,R,walk,
2024-11-11,trial-pair04,3122,1535,1540,5,S,Sasha,
2024-11-11,trial-pair04,3123,1455,1535,40,W,workout,
2024-11-11,trial-pair04,3124,1450,1455,5,R,walk,
2024-11-11,trial-pair04,3125,1445,1450,5,F,dawdle,
2024-11-11,trial-pair04,3126,1440,1445,5,S,comm,
2024-11-11,trial-pair04,3127,1255,1440,105,P,research,
2024-11-11,trial-pair04,3128,1235,1255,20,R,walk,
2024-11-11,trial-pair04,3129,1230,1235,5,S,Josh,
2024-11-11,trial-pair04,3130,1155,1230,35,GOD,journal,
2024-11-11,trial-pair04,3131,1135,1155,20,F,print think,
2024-11-11,trial-pair04,3132,1125,1135,10,R,walk,
2024-11-11,trial-pair04,3133,1110,1125,15,S,Miracle Drema,
2024-11-11,trial-pair04,3134,1105,1110,5,R,ready,
2024-11-11,trial-pair04,3135,1100,1105,5,P,notes,
2024-11-11,trial-pair04,3136,1050,1100,10,R,walk,
2024-11-11,trial-pair04,3137,1035,1050,15,R,drive,
2024-11-11,trial-pair04,3138,1010,1035,25,R,ready,
2024-11-11,trial-pair04,3139,1005,1010,5,S,dan,
2024-11-11,trial-pair04,3140,0945,1005,20,E,eat,
2024-11-11,trial-pair04,3141,0940,0945,5,R,ready,
2024-11-11,trial-pair04,3142,0920,0940,20,GOD,qt,
2024-11-11,trial-pair04,3143,0910,0920,10,S,comm,
2024-11-11,trial-pair04,3144,0855,0910,15,GOD,journal,
2024-11-11,trial-pair04,3145,0845,0855,10,R,ready,
2024-11-11,trial-pair04,3146,0840,0845,5,E,eat,
2024-11-11,trial-pair04,3147,0820,0840,20,R,ready,
2024-11-11,trial-pair04,3148,0755,0820,25,R,poop,
2024-11-11,trial-pair04,3149,0750,0755,5,R,ready,
2024-11-10,trial-pair04,3153,2235,2300,25,P,research,
2024-11-10,trial-pair04,3154,2230,2235,5,P,notes,
2024-11-10,trial-pair04,3155,2220,2230,10,R,ready,
2024-11-10,trial-pair04,3156,2150,2220,30,E,eat,
2024-11-10,trial-pair04,3157,2135,2150,15,R,drive,
2024-11-10,trial-pair04,3158,2130,2135,5,R,walk,
2024-11-10,trial-pair04,3159,2125,2130,5,S,Wyatt,
2024-11-10,trial-pair04,3160,2115,2125,10,GOD,ministry,
2024-11-10,trial-pair04,3161,2105,2115,10,S,alexander,
2024-11-10,trial-pair04,3162,1820,2105,165,GOD,ignite,
2024-11-10,trial-pair04,3163,1815,1820,5,R,walk,
2024-11-10,trial-pair04,3164,1755,1815,20,P,research,
2024-11-10,trial-pair04,3165,1750,1755,5,F,dawdle,
2024-11-10,trial-pair04,3166,1745,1750,5,S,comm,
2024-11-10,trial-pair04,3167,1730,1745,15,F,vista auction,
2024-11-10,trial-pair04,3168,1720,1730,10,R,walk,
2024-11-10,trial-pair04,3169,1715,1720,5,P,hw ITSC 3153,
2024-11-10,trial-pair04,3170,1710,1715,5,E,eat,
2024-11-10,trial-pair04,3171,1700,1710,10,R,walk,
2024-11-10,trial-pair04,3172,1645,1700,15,R,shower,
2024-11-10,trial-pair04,3173,1635,1645,10,R,poop,
2024-11-10,trial-pair04,3174,1610,1635,25,W,workout,
2024-11-10,trial-pair04,3175,1600,1610,10,P,school,
2024-11-10,trial-pair04,3176,1540,1600,20,W,workout,
2024-11-10,trial-pair04,3177,1505,1540,35,S,tm Angelo,
2024-11-10,trial-pair04,3178,1455,1505,10,S,agam,
2024-11-10,trial-pair04,3179,1450,1455,5,R,walk,
2024-11-10,trial-pair04,3180,1355,1450,55,F,nap,
2024-11-10,trial-pair04,3181,1345,1355,10,R,walk,
2024-11-10,trial-pair04,3182,1340,1345,5,F,oasis,
2024-11-10,trial-pair04,3183,1330,1340,10,P,notes,
2024-11-10,trial-pair04,3184,1325,1330,5,W,stretch,
2024-11-10,trial-pair04,3185,1300,1325,25,R,poop,
2024-11-10,trial-pair04,3186,1255,1300,5,R,ready,
2024-11-10,trial-pair04,3187,1245,1255,10,R,walk,
2024-11-10,trial-pair04,3188,1230,1245,15,R,drive,
2024-11-10,trial-pair04,3189,1220,1230,10,P,business,
2024-11-10,trial-pair04,3190,1205,1220,15,S,Jacob,
2024-11-10,trial-pair04,3191,1125,1205,40,E,eat,
2024-11-10,trial-pair04,3192,1105,1125,20,S,Jacob,
2024-11-10,trial-pair04,3193,1050,1105,15,R,drive,
2024-11-10,trial-pair04,3194,1045,1050,5,S,Jacob Kylie,
2024-11-10,trial-pair04,3195,1040,1045,5,R,walk,
2024-11-10,trial-pair04,3196,0925,1040,75,GOD,church,
2024-11-10,trial-pair04,3197,0910,0925,15,R,drive,
2024-11-10,trial-pair04,3198,0905,0910,5,F,dressup,
2024-11-10,trial-pair04,3199,0850,0905,15,R,ready,
2024-11-10,trial-pair04,3200,0820,0850,30,E,eat,
2024-11-10,trial-pair04,3201,0815,0820,5,R,cut,
2024-11-10,trial-pair04,3202,0805,0815,10,R,ready,
2024-11-10,trial-pair04,3203,0755,0805,10,R,poop,
2024-11-09,trial-pair04,3207,0000,0005,5,R,ready,
2024-11-09,trial-pair04,3208,2355,0000,5,F,think,
2024-11-09,trial-pair04,3209,2335,2355,20,R,ready,
2024-11-09,trial-pair04,3210,2310,2335,25,F,election,
2024-11-09,trial-pair04,3211,2300,2310,10,P,school,
2024-11-09,trial-pair04,3212,2240,2300,20,F,podcast,
2024-11-09,trial-pair04,3213,2215,2240,25,F,music,
2024-11-09,trial-pair04,3214,2200,2215,15,F,shop,
2024-11-09,trial-pair04,3215,2115,2200,45,R,shop,
2024-11-09,trial-pair04,3216,2110,2115,5,R,ready,
2024-11-09,trial-pair04,3217,2045,2110,25,E,eat,
2024-11-09,trial-pair04,3218,2030,2045,15,R,drive,
2024-11-09,trial-pair04,3219,1950,2030,40,S,brae maria,
2024-11-09,trial-pair04,3220,1925,1950,25,GOD,ministry,
2024-11-09,trial-pair04,3221,1920,1925,5,R,drive,
2024-11-09,trial-pair04,3222,1715,1920,125,S,Kody Gabby,
2024-11-09,trial-pair04,3223,1700,1715,15,R,drive,
2024-11-09,trial-pair04,3224,1650,1700,10,E,eat,
2024-11-09,trial-pair04,3225,1640,1650,10,R,drive,
2024-11-09,trial-pair04,3226,1635,1640,5,R,walk,
2024-11-09,trial-pair04,3227,1605,1635,30,W,workout,
2024-11-09,trial-pair04,3228,1545,1605,20,P,hw ITSC 3153,
2024-11-09,trial-pair04,3229,1530,1545,15,S,comm,
2024-11-09,trial-pair04,3230,1525,1530,5,P,notes,
2024-11-09,trial-pair04,3231,1405,1525,80,W,workout,
2024-11-09,trial-pair04,3232,1400,1405,5,S,Khristian Piper,
2024-11-09,trial-pair04,3233,1350,1400,10,R,poop,
2024-11-09,trial-pair04,3234,1345,1350,5,W,stretch,
2024-11-09,trial-pair04,3235,1340,1345,5,R,walk,
2024-11-09,trial-pair04,3236,1330,1340,10,R,drive,
2024-11-09,trial-pair04,3237,1325,1330,5,E,cook,
2024-11-09,trial-pair04,3238,1320,1325,5,GOD,ministry,
2024-11-09,trial-pair04,3239,1310,1320,10,GOD,pray,
2024-11-09,trial-pair04,3240,1300,1310,10,R,ready,
2024-11-09,trial-pair04,3241,1255,1300,5,R,ready,
2024-11-09,trial-pair04,3242,1235,1255,20,E,cook,
2024-11-09,trial-pair04,3243,1225,1235,10,R,ready,
2024-11-09,trial-pair04,3244,1215,1225,10,E,eat,
2024-11-09,trial-pair04,3245,1130,1215,45,E,cook,
2024-11-09,trial-pair04,3246,1115,1130,15,W,exercise,
2024-11-09,trial-pair04,3247,1100,1115,15,GOD,ministry,
2024-11-09,trial-pair04,3248,1055,1100,5,S,mom,
2024-11-09,trial-pair04,3249,1035,1055,20,GOD,qt,
2024-11-09,trial-pair04,3250,0945,1035,50,GOD,ministry,
2024-11-09,trial-pair04,3251,0940,0945,5,F,think,
2024-11-09,trial-pair04,3252,0930,0940,10,R,ready,
2024-11-09,trial-pair04,3253,0925,0930,5,GOD,ministry,
2024-11-09,trial-pair04,3254,0920,0925,5,F,deer,
2024-11-09,trial-pair04,3255,0910,0920,10,S,deer,
2024-11-09,trial-pair04,3256,0900,0910,10,R,clean,
2024-11-09,trial-pair04,3257,0850,0900,10,GOD,qt,
2024-11-09,trial-pair04,3258,0830,0850,20,E,eat,
2024-11-09,trial-pair04,3259,0810,0830,20,R,ready,
2024-11-09,trial-pair04,3260,0750,0810,20,R,poop,
2024-11-08,trial-pair04,3264,2310,2315,5,S,comm,
2024-11-08,trial-pair04,3265,2305,2310,5,R,ready,
2024-11-08,trial-pair04,3266,2300,2305,5,F,music,
2024-11-08,trial-pair04,3267,2245,2300,15,F,shop,
2024-11-08,trial-pair04,3268,2215,2245,30,R,shop,
2024-11-08,trial-pair04,3269,2210,2215,5,R,clean,
2024-11-08,trial-pair04,3270,2200,2210,10,P,notes,
2024-11-08,trial-pair04,3271,2135,2200,25,GOD,journal,
2024-11-08,trial-pair04,3272,2130,2135,5,F,think,
2024-11-08,trial-pair04,3273,2115,2130,15,R,ready,
2024-11-08,trial-pair04,3274,2100,2115,15,F,tm music,
2024-11-08,trial-pair04,3275,2030,2100,30,GOD,ministry,
2024-11-08,trial-pair04,3276,2025,2030,5,R,ready,
2024-11-08,trial-pair04,3277,2020,2025,5,F,tm discord,
2024-11-08,trial-pair04,3278,2010,2020,10,S,comm,
2024-11-08,trial-pair04,3279,2000,2010,10,R,clean,
2024-11-08,trial-pair04,3280,1950,2000,10,S,dan debbie,
2024-11-08,trial-pair04,3281,1855,1950,55,E,eat,
2024-11-08,trial-pair04,3282,1840,1855,15,R,drive,
2024-11-08,trial-pair04,3283,1825,1840,15,R,walk,
2024-11-08,trial-pair04,3284,1820,1825,5,F,dawdle,
2024-11-08,trial-pair04,3285,1810,1820,10,S,Ritik,
2024-11-08,trial-pair04,3286,1800,1810,10,W,exercise,
2024-11-08,trial-pair04,3287,1650,1800,70,W,workout,
2024-11-08,trial-pair04,3288,1645,1650,5,W,stretch,
2024-11-08,trial-pair04,3289,1640,1645,5,R,walk,
2024-11-08,trial-pair04,3290,1620,1640,20,R,br,
2024-11-08,trial-pair04,3291,1600,1620,20,R,clean,
2024-11-08,trial-pair04,3292,1550,1600,10,P,notes,
2024-11-08,trial-pair04,3293,1545,1550,5,E,eat,
2024-11-08,trial-pair04,3294,1540,1545,5,R,br,
2024-11-08,trial-pair04,3295,1530,1540,10,R,walk,
2024-11-08,trial-pair04,3296,1510,1530,20,F,nap,
2024-11-08,trial-pair04,3297,1500,1510,10,R,walk,
2024-11-08,trial-pair04,3298,1440,1500,20,S,dialogue,
2024-11-08,trial-pair04,3299,1330,1440,70,GOD,ignite,
2024-11-08,trial-pair04,3300,1310,1330,20,R,walk,
2024-11-08,trial-pair04,3301,1250,1310,20,E,eat,
2024-11-08,trial-pair04,3302,1110,1250,100,S,Josiah,
2024-11-08,trial-pair04,3303,1100,1110,10,R,walk,
2024-11-08,trial-pair04,3304,1010,1100,50,P,STAT 3160,
2024-11-08,trial-pair04,3305,1005,1010,5,P,notes,
2024-11-08,trial-pair04,3306,1000,1005,5,R,br,
2024-11-08,trial-pair04,3307,0950,1000,10,R,walk,
2024-11-08,trial-pair04,3308,0935,0950,15,R,drive,
2024-11-08,trial-pair04,3309,0915,0935,20,R,ready,
2024-11-08,trial-pair04,3310,0910,0915,5,S,comm,
2024-11-08,trial-pair04,3311,0840,0910,30,GOD,qt,
2024-11-08,trial-pair04,3312,0835,0840,5,F,dawdle,
2024-11-08,trial-pair04,3313,0830,0835,5,S,Dan Debbie,
2024-11-08,trial-pair04,3314,0805,0830,25,E,eat,
2024-11-07,trial-pair04,3318,2325,2330,5,F,logic,
2024-11-07,trial-pair04,3319,2310,2325,15,F,ROLI,
2024-11-07,trial-pair04,3320,2305,2310,5,P,notes,
2024-11-07,trial-pair04,3321,2300,2305,5,F,dawdle,
2024-11-07,trial-pair04,3322,2250,2300,10,R,ready,
2024-11-07,trial-pair04,3323,2245,2250,5,R,shower,
2024-11-07,trial-pair04,3324,2235,2245,10,R,laundry,
2024-11-07,trial-pair04,3325,2155,2235,40,W,workout,
2024-11-07,trial-pair04,3326,2150,2155,5,R,ready,
2024-11-07,trial-pair04,3327,2140,2150,10,S,dan debbie,
2024-11-07,trial-pair04,3328,2105,2140,35,E,eat,
2024-11-07,trial-pair04,3329,2055,2105,10,R,drive,
2024-11-07,trial-pair04,3330,2040,2055,15,R,walk,
2024-11-07,trial-pair04,3331,2035,2040,5,F,dawdle,
2024-11-07,trial-pair04,3332,1935,2035,60,S,CAIR,
2024-11-07,trial-pair04,3333,1800,1935,95,P,research,
2024-11-07,trial-pair04,3334,1750,1800,10,E,eat,
2024-11-07,trial-pair04,3335,1745,1750,5,R,walk,
2024-11-07,trial-pair04,3336,1730,1745,15,P,research,
2024-11-07,trial-pair04,3337,1725,1730,5,R,walk,
2024-11-07,trial-pair04,3338,1650,1725,35,P,research,
2024-11-07,trial-pair04,3339,1600,1650,50,P,ITSC 2181,
2024-11-07,trial-pair04,3340,1555,1600,5,E,eat,
2024-11-07,trial-pair04,3341,1550,1555,5,R,walk,
2024-11-07,trial-pair04,3342,1540,1550,10,P,research,
2024-11-07,trial-pair04,3343,1530,1540,10,E,eat,
2024-11-07,trial-pair04,3344,1505,1530,25,P,research,
2024-11-07,trial-pair04,3345,1455,1505,10,R,walk,
2024-11-07,trial-pair04,3346,1445,1455,10,R,shower,
2024-11-07,trial-pair04,3347,1440,1445,5,W,exercise,
2024-11-07,trial-pair04,3348,1435,1440,5,F,article,
2024-11-07,trial-pair04,3349,1350,1435,45,P,tm research,
2024-11-07,trial-pair04,3350,1350,1350,0,W,stretch,
2024-11-07,trial-pair04,3351,1345,1350,5,R,walk,
2024-11-07,trial-pair04,3352,1330,1345,15,P,research,
2024-11-07,trial-pair04,3353,1315,1330,15,F,math,
2024-11-07,trial-pair04,3354,1310,1315,5,P,notes,
2024-11-07,trial-pair04,3355,1300,1310,10,P,hw ITSC 2181,
2024-11-07,trial-pair04,3356,1255,1300,5,R,walk,
2024-11-07,trial-pair04,3357,1130,1255,85,P,ITSC 2181,
2024-11-07,trial-pair04,3358,1115,1130,15,R,walk,
2024-11-07,trial-pair04,3359,1105,1115,10,R,drive,
2024-11-07,trial-pair04,3360,1100,1105,5,F,dressup,
2024-11-07,trial-pair04,3361,1050,1100,10,R,ready,
2024-11-07,trial-pair04,3362,1040,1050,10,R,shower,
2024-11-07,trial-pair04,3363,1030,1040,10,R,poop,
2024-11-07,trial-pair04,3364,1025,1030,5,P,hw ITSC 2181,
2024-11-07,trial-pair04,3365,1020,1025,5,P,notes,
2024-11-07,trial-pair04,3366,1005,1020,15,R,clean,
2024-11-07,trial-pair04,3367,1000,1005,5,R,laundry,
2024-11-07,trial-pair04,3368,0940,1000,20,R,ready,
2024-11-07,trial-pair04,3369,0935,0940,5,F,dawdle,
2024-11-07,trial-pair04,3370,0920,0935,15,E,eat,
2024-11-07,trial-pair04,3371,0910,0920,10,R,ready,
2024-11-07,trial-pair04,3372,0900,0910,10,R,laundry,
2024-11-07,trial-pair04,3373,0840,0900,20,F,election,
2024-11-07,trial-pair04,3374,0835,0840,5,P,research,
2024-11-07,trial-pair04,3375,0820,0835,15,F,nap,
2024-11-07,trial-pair04,3376,0805,0820,15,P,research,
2024-11-07,trial-pair04,3377,0800,0805,5,E,eat,
2024-11-07,trial-pair04,3378,0750,0800,10,R,laundry,
2024-11-07,trial-pair04,3379,0725,0750,25,E,eat,
2024-11-07,trial-pair04,3380,0710,0725,15,R,poop,
2024-11-06,trial-pair04,3384,2345,2355,10,R,ready,
2024-11-06,trial-pair04,3385,2340,2345,5,R,laundry,
2024-11-06,trial-pair04,3386,2335,2340,5,R,shower,
2024-11-06,trial-pair04,3387,2320,2335,15,R,poop,
2024-11-06,trial-pair04,3388,2315,2320,5,P,notes,
2024-11-06,trial-pair04,3389,2245,2315,30,P,research,
2024-11-06,trial-pair04,3390,2240,2245,5,F,dawdle,
2024-11-06,trial-pair04,3391,2215,2240,25,R,ready,
2024-11-06,trial-pair04,3392,2210,2215,5,E,eat,
2024-11-06,trial-pair04,3393,2205,2210,5,P,notes,
2024-11-06,trial-pair04,3394,2155,2205,10,F,words,
2024-11-06,trial-pair04,3395,2150,2155,5,P,research,
2024-11-06,trial-pair04,3396,2055,2150,55,E,eat,
2024-11-06,trial-pair04,3397,2040,2055,15,R,drive,
2024-11-06,trial-pair04,3398,2030,2040,10,R,walk,
2024-11-06,trial-pair04,3399,2010,2030,20,P,research,
2024-11-06,trial-pair04,3400,1945,2010,25,S,CAIR,
2024-11-06,trial-pair04,3401,1930,1945,15,P,research,
2024-11-06,trial-pair04,3402,1920,1930,10,F,online,
2024-11-06,trial-pair04,3403,1915,1920,5,E,eat,
2024-11-06,trial-pair04,3404,1905,1915,10,R,walk,
2024-11-06,trial-pair04,3405,1815,1905,50,W,workout,
2024-11-06,trial-pair04,3406,1810,1815,5,R,walk,
2024-11-06,trial-pair04,3407,1755,1810,15,P,research,
2024-11-06,trial-pair04,3408,1750,1755,5,S,comm,
2024-11-06,trial-pair04,3409,1740,1750,10,P,hw ITSC 2181,
2024-11-06,trial-pair04,3410,1730,1740,10,P,school,
2024-11-06,trial-pair04,3411,1725,1730,5,E,eat,
2024-11-06,trial-pair04,3412,1720,1725,5,S,Keton,
2024-11-06,trial-pair04,3413,1715,1720,5,R,walk,
2024-11-06,trial-pair04,3414,1600,1715,75,P,ITSC 3153,
2024-11-06,trial-pair04,3415,1550,1600,10,F,nap,
2024-11-06,trial-pair04,3416,1430,1550,80,P,ITSC 2181,
2024-11-06,trial-pair04,3417,1425,1430,5,R,walk,
2024-11-06,trial-pair04,3418,1340,1425,45,P,research,
2024-11-06,trial-pair04,3419,1330,1340,10,R,walk,
2024-11-06,trial-pair04,3420,1220,1330,70,GOD,ignite,
2024-11-06,trial-pair04,3421,1215,1220,5,R,walk,
2024-11-06,trial-pair04,3422,1210,1215,5,S,Sani Jacob,
2024-11-06,trial-pair04,3423,1105,1210,65,P,hw STAT 3160,
2024-11-06,trial-pair04,3424,1100,1105,5,R,walk,
2024-11-06,trial-pair04,3425,1010,1100,50,P,STAT 3160,
2024-11-06,trial-pair04,3426,1005,1010,5,R,walk,
2024-11-06,trial-pair04,3427,0950,1005,15,R,drive,
2024-11-06,trial-pair04,3428,0930,0950,20,R,poop,
2024-11-06,trial-pair04,3429,0925,0930,5,R,ready,
2024-11-06,trial-pair04,3430,0855,0925,30,GOD,qt,
2024-11-06,trial-pair04,3431,0845,0855,10,F,trivia,
2024-11-06,trial-pair04,3432,0840,0845,5,R,ready,
2024-11-06,trial-pair04,3433,0835,0840,5,S,Roy,
2024-11-06,trial-pair04,3434,0815,0835,20,E,eat,
2024-11-06,trial-pair04,3435,0810,0815,5,W,stretch,
2024-11-06,trial-pair04,3436,0805,0810,5,R,ready,
2024-11-05,trial-pair04,3440,2350,2355,5,P,notes,
2024-11-05,trial-pair04,3441,2340,2350,10,R,clean,
2024-11-05,trial-pair04,3442,2330,2340,10,R,shower,
2024-11-05,trial-pair04,3443,2325,2330,5,R,br,
2024-11-05,trial-pair04,3444,2125,2325,120,P,tm hw ITSC 2181,
2024-11-05,trial-pair04,3445,2115,2125,10,R,ready,
2024-11-05,trial-pair04,3446,2040,2115,35,E,eat,
2024-11-05,trial-pair04,3447,2025,2040,15,R,drive,
2024-11-05,trial-pair04,3448,2010,2025,15,R,walk,
2024-11-05,trial-pair04,3449,1940,2010,30,W,workout,
2024-11-05,trial-pair04,3450,1930,1940,10,R,walk,
2024-11-05,trial-pair04,3451,1900,1930,30,P,research,
2024-11-05,trial-pair04,3452,1815,1900,45,S,CAIR,
2024-11-05,trial-pair04,3453,1800,1815,15,P,research,
2024-11-05,trial-pair04,3454,1740,1800,20,S,CAIR,
2024-11-05,trial-pair04,3455,1735,1740,5,R,walk,
2024-11-05,trial-pair04,3456,1725,1735,10,S,Mark Strejc,
2024-11-05,trial-pair04,3457,1710,1725,15,P,school,
2024-11-05,trial-pair04,3458,1550,1710,80,P,ITSC 2600,
2024-11-05,trial-pair04,3459,1530,1550,20,R,walk,
2024-11-05,trial-pair04,3460,1525,1530,5,R,drive,
2024-11-05,trial-pair04,3461,1515,1525,10,R,shop,
2024-11-05,trial-pair04,3462,1450,1515,25,S,volunteer,
2024-11-05,trial-pair04,3463,1445,1450,5,R,drive,
2024-11-05,trial-pair04,3464,1430,1445,15,R,walk,
2024-11-05,trial-pair04,3465,1425,1430,5,S,CAIR,
2024-11-05,trial-pair04,3466,1325,1425,60,P,research,
2024-11-05,trial-pair04,3467,1315,1325,10,S,Ethan,
2024-11-05,trial-pair04,3468,1310,1315,5,R,walk,
2024-11-05,trial-pair04,3469,1255,1310,15,E,eat,
2024-11-05,trial-pair04,3470,1250,1255,5,R,walk,
2024-11-05,trial-pair04,3471,1145,1250,65,P,ITSC 2181,
2024-11-05,trial-pair04,3472,1130,1145,15,R,walk,
2024-11-05,trial-pair04,3473,1125,1130,5,R,drive,
2024-11-05,trial-pair04,3474,1115,1125,10,S,comm,
2024-11-05,trial-pair04,3475,1045,1115,30,F,Platos,
2024-11-05,trial-pair04,3476,1040,1045,5,R,drive,
2024-11-05,trial-pair04,3477,1010,1040,30,F,goodwill,
2024-11-05,trial-pair04,3478,1000,1010,10,R,drive,
2024-11-05,trial-pair04,3479,0950,1000,10,S,DJ Wildcard,
2024-11-05,trial-pair04,3480,0940,0950,10,P,business,
2024-11-05,trial-pair04,3481,0925,0940,15,R,drive,
2024-11-05,trial-pair04,3482,0910,0925,15,R,ready,
2024-11-05,trial-pair04,3483,0850,0910,20,E,eat,
2024-11-05,trial-pair04,3484,0845,0850,5,R,ready,
2024-11-05,trial-pair04,3485,0835,0845,10,R,shower,
2024-11-05,trial-pair04,3486,0815,0835,20,R,poop,
2024-09-25,trial-pair05,3490,0050,0100,10,P,hw ITSC 2600,
2024-09-25,trial-pair05,3491,0040,0050,10,P,notes,
2024-09-25,trial-pair05,3492,0035,0040,5,R,ready,
2024-09-25,trial-pair05,3493,0025,0035,10,R,shower,
2024-09-25,trial-pair05,3494,2355,0025,30,F,music,
2024-09-25,trial-pair05,3495,2345,2355,10,P,tm hw ITSC 2600,
2024-09-25,trial-pair05,3496,2340,2345,5,F,dawdle...,
2024-09-25,trial-pair05,3497,2335,2340,5,R,ready,
2024-09-25,trial-pair05,3498,2240,2335,55,P,tm hw ITSC 2181,
2024-09-25,trial-pair05,3499,2230,2240,10,F,dawdle...,
2024-09-25,trial-pair05,3500,2120,2230,70,P,hw STAT 3160,
2024-09-25,trial-pair05,3501,2110,2120,10,P,notes,
2024-09-25,trial-pair05,3502,2105,2110,5,F,dance,
2024-09-25,trial-pair05,3503,2040,2105,25,R,ready,
2024-09-25,trial-pair05,3504,1940,2040,60,E,eat,
2024-09-25,trial-pair05,3505,1930,1940,10,R,poop,
2024-09-25,trial-pair05,3506,1915,1930,15,R,drive,
2024-09-25,trial-pair05,3507,1900,1915,15,R,walk,
2024-09-25,trial-pair05,3508,1725,1900,95,P,hw ITSC 3153,
2024-09-25,trial-pair05,3509,1720,1725,5,R,walk,
2024-09-25,trial-pair05,3510,1550,1720,90,P,ITSC 3153,
2024-09-25,trial-pair05,3511,1425,1550,85,P,ITSC 2181,
2024-09-25,trial-pair05,3512,1415,1425,10,R,walk,
2024-09-25,trial-pair05,3513,1405,1415,10,S,AK,
2024-09-25,trial-pair05,3514,1350,1405,15,P,hw STAT 3160,
2024-09-25,trial-pair05,3515,1340,1350,10,S,AK,
2024-09-25,trial-pair05,3516,1325,1340,15,E,eat,
2024-09-25,trial-pair05,3517,1240,1325,45,P,hw STAT 3160,
2024-09-25,trial-pair05,3518,1230,1240,10,S,AK,
2024-09-25,trial-pair05,3519,1135,1230,55,S,hang with Hershel AK,
2024-09-25,trial-pair05,3520,1115,1135,20,P,hw STAT 3160,
2024-09-25,trial-pair05,3521,1100,1115,15,R,walk,
2024-09-25,trial-pair05,3522,1005,1100,55,P,STAT 3160,
2024-09-25,trial-pair05,3523,1000,1005,5,R,walk,
2024-09-25,trial-pair05,3524,0910,1000,50,GOD,ignite prayer,
2024-09-25,trial-pair05,3525,0900,0910,10,R,walk,
2024-09-25,trial-pair05,3526,0845,0900,15,R,walk,
2024-09-25,trial-pair05,3527,0835,0845,10,R,ready,
2024-09-24,trial-pair05,3531,0015,0030,15,R,clean,
2024-09-24,trial-pair05,3532,0000,0015,15,R,shower,
2024-09-24,trial-pair05,3533,2335,0000,25,P,tm hw ITSC 2181,
2024-09-24,trial-pair05,3534,2330,2335,5,R,laundry,
2024-09-24,trial-pair05,3535,2240,2330,50,P,tm hw ITSC 2181,
2024-09-24,trial-pair05,3536,2230,2240,10,P,tm notes,
2024-09-24,trial-pair05,3537,2225,2230,5,R,laundry,
2024-09-24,trial-pair05,3538,2210,2225,15,F,dawdle...,
2024-09-24,trial-pair05,3539,2205,2210,5,R,ready,
2024-09-24,trial-pair05,3540,2200,2205,5,R,clean,
2024-09-24,trial-pair05,3541,2150,2200,10,R,ready,
2024-09-24,trial-pair05,3542,2145,2150,5,P,ITSC 2181,
2024-09-24,trial-pair05,3543,2105,2145,40,E,eat,
2024-09-24,trial-pair05,3544,2050,2105,15,R,drive,
2024-09-24,trial-pair05,3545,2035,2050,15,R,walk,
2024-09-24,trial-pair05,3546,2030,2035,5,S,brian,
2024-09-24,trial-pair05,3547,2020,2030,10,R,walk,
2024-09-24,trial-pair05,3548,1800,2020,140,P,research,
2024-09-24,trial-pair05,3549,1735,1800,25,S,Brian,
2024-09-24,trial-pair05,3550,1730,1735,5,R,walk,
2024-09-24,trial-pair05,3551,1725,1730,5,E,eat,
2024-09-24,trial-pair05,3552,1710,1725,15,S,comm,
2024-09-24,trial-pair05,3553,1705,1710,5,R,walk,
2024-09-24,trial-pair05,3554,1600,1705,65,P,ITSC 2600,
2024-09-24,trial-pair05,3555,1550,1600,10,R,walk,
2024-09-24,trial-pair05,3556,1545,1550,5,R,drive,
2024-09-24,trial-pair05,3557,1540,1545,5,R,shop,
2024-09-24,trial-pair05,3558,1510,1540,30,S,volunteer,
2024-09-24,trial-pair05,3559,1500,1510,10,R,drive,
2024-09-24,trial-pair05,3560,1450,1500,10,R,walk,
2024-09-24,trial-pair05,3561,1445,1450,5,S,Igniters,
2024-09-24,trial-pair05,3562,1440,1445,5,R,walk,
2024-09-24,trial-pair05,3563,1430,1440,10,R,shower,
2024-09-24,trial-pair05,3564,1320,1430,70,W,workout,
2024-09-24,trial-pair05,3565,1305,1320,15,R,poop,
2024-09-24,trial-pair05,3566,1300,1305,5,R,walk,
2024-09-24,trial-pair05,3567,1255,1300,5,S,Anish,
2024-09-24,trial-pair05,3568,1120,1255,95,P,ITSC 2181,
2024-09-24,trial-pair05,3569,1110,1120,10,R,clean,
2024-09-24,trial-pair05,3570,1055,1110,15,R,walk,
2024-09-24,trial-pair05,3571,1040,1055,15,R,drive,
2024-09-24,trial-pair05,3572,1015,1040,25,R,ready,
2024-09-24,trial-pair05,3573,1010,1015,5,R,cut,
2024-09-24,trial-pair05,3574,1005,1010,5,R,ready,
2024-09-24,trial-pair05,3575,1000,1005,5,R,ready,
2024-09-24,trial-pair05,3576,0950,1000,10,F,yt,
2024-09-24,trial-pair05,3577,0900,0950,50,E,eat,
2024-09-24,trial-pair05,3578,0855,0900,5,R,ready,
2024-09-24,trial-pair05,3579,0835,0855,20,R,poop,
2024-09-23,trial-pair05,3583,0055,0100,5,R,shop,
2024-09-23,trial-pair05,3584,0040,0055,15,P,school,
2024-09-23,trial-pair05,3585,0030,0040,10,R,shower,
2024-09-23,trial-pair05,3586,0020,0030,10,S,call carter,
2024-09-23,trial-pair05,3587,2225,0020,115,S,tm Carter call,
2024-09-23,trial-pair05,3588,2215,2225,10,R,clean,
2024-09-23,trial-pair05,3589,2145,2215,30,S,Carter,
2024-09-23,trial-pair05,3590,2140,2145,5,F,dawdle,
2024-09-23,trial-pair05,3591,2135,2140,5,R,ready,
2024-09-23,trial-pair05,3592,2045,2135,50,F,yt,
2024-09-23,trial-pair05,3593,1915,2045,90,E,eat,
2024-09-23,trial-pair05,3594,1905,1915,10,R,drive,
2024-09-23,trial-pair05,3595,1900,1905,5,R,walk,
2024-09-23,trial-pair05,3596,1840,1900,20,S,Phone call Ramon,
2024-09-23,trial-pair05,3597,1830,1840,10,R,walk,
2024-09-23,trial-pair05,3598,1820,1830,10,R,walk,
2024-09-23,trial-pair05,3599,1800,1820,20,S,comm,
2024-09-23,trial-pair05,3600,1720,1800,40,P,hw ITSC 3153,
2024-09-23,trial-pair05,3601,1550,1720,90,P,ITSC 3153,
2024-09-23,trial-pair05,3602,1545,1550,5,R,walk,
2024-09-23,trial-pair05,3603,1525,1545,20,P,research,
2024-09-23,trial-pair05,3604,1520,1525,5,F,yt,
2024-09-23,trial-pair05,3605,1500,1520,20,E,eat,
2024-09-23,trial-pair05,3606,1455,1500,5,R,walk,
2024-09-23,trial-pair05,3607,1450,1455,5,R,br,
2024-09-23,trial-pair05,3608,1445,1450,5,F,find room..,
2024-09-23,trial-pair05,3609,1430,1445,15,P,school,
2024-09-23,trial-pair05,3610,1425,1430,5,F,find room..,
2024-09-23,trial-pair05,3611,1415,1425,10,R,walk,
2024-09-23,trial-pair05,3612,1410,1415,5,R,ready,
2024-09-23,trial-pair05,3613,1405,1410,5,W,exercise,
2024-09-23,trial-pair05,3614,1340,1405,25,P,tm hw ITSC 3153,
2024-09-23,trial-pair05,3615,1330,1340,10,F,yt,
2024-09-23,trial-pair05,3616,1220,1330,70,W,workout,
2024-09-23,trial-pair05,3617,1210,1220,10,S,jackson,
2024-09-23,trial-pair05,3618,1200,1210,10,E,eat,
2024-09-23,trial-pair05,3619,1155,1200,5,P,hw STAT 3160,
2024-09-23,trial-pair05,3620,1150,1155,5,F,dawdle planning,
2024-09-23,trial-pair05,3621,1145,1150,5,P,tm notes,
2024-09-23,trial-pair05,3622,1135,1145,10,S,comm,
2024-09-23,trial-pair05,3623,1130,1135,5,P,business,
2024-09-23,trial-pair05,3624,1120,1130,10,R,walk,
2024-09-23,trial-pair05,3625,1105,1120,15,P,school,
2024-09-23,trial-pair05,3626,1100,1105,5,R,walk,
2024-09-23,trial-pair05,3627,1010,1100,50,P,STAT 3160,
2024-09-23,trial-pair05,3628,1005,1010,5,P,business,
2024-09-23,trial-pair05,3629,0945,1005,20,P,school,
2024-09-23,trial-pair05,3630,0930,0945,15,R,walk,
2024-09-23,trial-pair05,3631,0915,0930,15,R,walk,
2024-09-23,trial-pair05,3632,0910,0915,5,R,ready,
2024-09-23,trial-pair05,3633,0905,0910,5,S,Dan,
2024-09-23,trial-pair05,3634,0845,0905,20,E,eat,
2024-09-23,trial-pair05,3635,0840,0845,5,R,ready,
2024-09-23,trial-pair05,3636,0815,0840,25,GOD,qt,
2024-09-23,trial-pair05,3637,0800,0815,15,R,ready,
2024-09-23,trial-pair05,3638,0740,0800,20,R,poop,
2024-09-23,trial-pair05,3639,0735,0740,5,F,sit in bed..,
2024-09-22,trial-pair05,3643,2335,2340,5,P,notes,
2024-09-22,trial-pair05,3644,2330,2335,5,S,comm,
2024-09-22,trial-pair05,3645,2320,2330,10,R,ready,
2024-09-22,trial-pair05,3646,2305,2320,15,E,eat,
2024-09-22,trial-pair05,3647,2255,2305,10,R,drive,
2024-09-22,trial-pair05,3648,2115,2255,100,S,caught up Jordane Cat,
2024-09-22,trial-pair05,3649,2045,2115,30,S,talk,
2024-09-22,trial-pair05,3650,1725,2045,200,GOD,ignite,
2024-09-22,trial-pair05,3651,1715,1725,10,R,walk,
2024-09-22,trial-pair05,3652,1700,1715,15,R,shower,
2024-09-22,trial-pair05,3653,1650,1700,10,R,poop,
2024-09-22,trial-pair05,3654,1620,1650,30,W,workout,
2024-09-22,trial-pair05,3655,1615,1620,5,W,exercise,
2024-09-22,trial-pair05,3656,1530,1615,45,P,hw ITSC 2181,
2024-09-22,trial-pair05,3657,1525,1530,5,P,notes,
2024-09-22,trial-pair05,3658,1520,1525,5,R,walk,
2024-09-22,trial-pair05,3659,1445,1520,35,F,nap,
2024-09-22,trial-pair05,3660,1430,1445,15,P,tm hw ITSC 3153,
2024-09-22,trial-pair05,3661,1420,1430,10,P,tm hw ITSC 2181,
2024-09-22,trial-pair05,3662,1415,1420,5,S,tm comm,
2024-09-22,trial-pair05,3663,1345,1415,30,P,tm school,
2024-09-22,trial-pair05,3664,1340,1345,5,P,tm notes,
2024-09-22,trial-pair05,3665,1335,1340,5,R,ready,
2024-09-22,trial-pair05,3666,1310,1335,25,F,nap,
2024-09-22,trial-pair05,3667,1255,1310,15,R,walk,
2024-09-22,trial-pair05,3668,1250,1255,5,R,ready,
2024-09-22,trial-pair05,3669,1245,1250,5,R,walk,
2024-09-22,trial-pair05,3670,1240,1245,5,R,ready,
2024-09-22,trial-pair05,3671,1210,1240,30,P,research,
2024-09-22,trial-pair05,3672,1040,1210,90,E,eat,
2024-09-22,trial-pair05,3673,1035,1040,5,R,shop,
2024-09-22,trial-pair05,3674,1030,1035,5,R,walk,
2024-09-22,trial-pair05,3675,1025,1030,5,W,stretch,
2024-09-22,trial-pair05,3676,1015,1025,10,P,hw STAT 3160,
2024-09-22,trial-pair05,3677,1010,1015,5,P,notes,
2024-09-22,trial-pair05,3678,0955,1010,15,R,walk,
2024-09-22,trial-pair05,3679,0940,0955,15,R,drive,
2024-09-22,trial-pair05,3680,0935,0940,5,S,comm,
2024-09-22,trial-pair05,3681,0930,0935,5,P,notes,
2024-09-22,trial-pair05,3682,0910,0930,20,F,dawdle,
2024-09-22,trial-pair05,3683,0845,0910,25,R,ready,
2024-09-22,trial-pair05,3684,0820,0845,25,F,piano,
2024-09-22,trial-pair05,3685,0810,0820,10,E,eat,
2024-09-22,trial-pair05,3686,0750,0810,20,R,poop,
2024-09-22,trial-pair05,3687,0745,0750,5,S,comm,
2024-09-21,trial-pair05,3691,2330,2335,5,R,ready,
2024-09-21,trial-pair05,3692,2315,2330,15,F,yt,
2024-09-21,trial-pair05,3693,2305,2315,10,P,hw STAT 3160,
2024-09-21,trial-pair05,3694,2255,2305,10,R,clean,
2024-09-21,trial-pair05,3695,2250,2255,5,R,shower,
2024-09-21,trial-pair05,3696,2230,2250,20,GOD,journal,
2024-09-21,trial-pair05,3697,2225,2230,5,F,staround…,
2024-09-21,trial-pair05,3698,2125,2225,60,F,tm Aliexpress,
2024-09-21,trial-pair05,3699,2120,2125,5,R,ready,
2024-09-21,trial-pair05,3700,2110,2120,10,F,think,
2024-09-21,trial-pair05,3701,2100,2110,10,P,notes,
2024-09-21,trial-pair05,3702,2045,2100,15,R,ready,
2024-09-21,trial-pair05,3703,2035,2045,10,R,ready,
2024-09-21,trial-pair05,3704,2020,2035,15,R,drive,
2024-09-21,trial-pair05,3705,2000,2020,20,R,walk,
2024-09-21,trial-pair05,3706,1900,2000,60,E,eat,
2024-09-21,trial-pair05,3707,1845,1900,15,P,hw STAT 3160,
2024-09-21,trial-pair05,3708,1835,1845,10,F,sidetracked!,
2024-09-21,trial-pair05,3709,1805,1835,30,P,hw STAT 3160,
2024-09-21,trial-pair05,3710,1800,1805,5,S,Alex,
2024-09-21,trial-pair05,3711,1740,1800,20,F,dawdle,
2024-09-21,trial-pair05,3712,1725,1740,15,P,hw STAT 3160,
2024-09-21,trial-pair05,3713,1720,1725,5,S,AK,
2024-09-21,trial-pair05,3714,1710,1720,10,R,walk,
2024-09-21,trial-pair05,3715,1650,1710,20,F,food searches reddit,
2024-09-21,trial-pair05,3716,1635,1650,15,P,notes,
2024-09-21,trial-pair05,3717,1625,1635,10,S,comm,
2024-09-21,trial-pair05,3718,1615,1625,10,R,walk,
2024-09-21,trial-pair05,3719,1610,1615,5,R,ready,
2024-09-21,trial-pair05,3720,1605,1610,5,E,eat,
2024-09-21,trial-pair05,3721,1555,1605,10,R,walk,
2024-09-21,trial-pair05,3722,1550,1555,5,R,shower,
2024-09-21,trial-pair05,3723,1530,1550,20,R,poop,
2024-09-21,trial-pair05,3724,1500,1530,30,F,nap,
2024-09-21,trial-pair05,3725,1440,1500,20,GOD,journal,
2024-09-21,trial-pair05,3726,1430,1440,10,P,notes,
2024-09-21,trial-pair05,3727,1315,1430,75,W,workout,
2024-09-21,trial-pair05,3728,1255,1315,20,P,tm STAT 3160,
2024-09-21,trial-pair05,3729,1225,1255,30,R,poop,
2024-09-21,trial-pair05,3730,1215,1225,10,S,abheek,
2024-09-21,trial-pair05,3731,1200,1215,15,R,walk,
2024-09-21,trial-pair05,3732,1145,1200,15,R,drive,
2024-09-21,trial-pair05,3733,1125,1145,20,R,poop,
2024-09-21,trial-pair05,3734,1110,1125,15,F,yt,
2024-09-21,trial-pair05,3735,1045,1110,25,E,eat,
2024-09-21,trial-pair05,3736,1000,1045,45,F,yt,
2024-09-21,trial-pair05,3737,0940,1000,20,R,clean,
2024-09-21,trial-pair05,3738,0935,0940,5,S,Dan,
2024-09-21,trial-pair05,3739,0930,0935,5,GOD,journal,
2024-09-21,trial-pair05,3740,0915,0930,15,E,eat,
2024-09-21,trial-pair05,3741,0910,0915,5,GOD,journal,
2024-09-21,trial-pair05,3742,0845,0910,25,E,eat,
2024-09-21,trial-pair05,3743,0840,0845,5,R,ready,
2024-09-21,trial-pair05,3744,0835,0840,5,F,sit in bed,
2024-09-20,trial-pair05,3748,0000,0025,25,F,reddit,
2024-09-20,trial-pair05,3749,2345,0000,15,F,AliExpress,
2024-09-20,trial-pair05,3750,2340,2345,5,R,ready,
2024-09-20,trial-pair05,3751,2335,2340,5,R,shower,
2024-09-20,trial-pair05,3752,2325,2335,10,R,poop,
2024-09-20,trial-pair05,3753,2225,2325,60,P,hw ITSC 2181,
2024-09-20,trial-pair05,3754,2220,2225,5,F,music,
2024-09-20,trial-pair05,3755,2210,2220,10,P,notes,
2024-09-20,trial-pair05,3756,2200,2210,10,S,comm,
2024-09-20,trial-pair05,3757,2145,2200,15,F,article,
2024-09-20,trial-pair05,3758,2135,2145,10,F,podcast,
2024-09-20,trial-pair05,3759,2125,2135,10,S,comm,
2024-09-20,trial-pair05,3760,2100,2125,25,R,ready,
2024-09-20,trial-pair05,3761,2010,2100,50,E,eat,
2024-09-20,trial-pair05,3762,1955,2010,15,R,drive,
2024-09-20,trial-pair05,3763,1925,1955,30,S,alexander,
2024-09-20,trial-pair05,3764,1900,1925,25,R,walk,
2024-09-20,trial-pair05,3765,1835,1900,25,P,hw ITSC 2181,
2024-09-20,trial-pair05,3766,1830,1835,5,P,tm notes,
2024-09-20,trial-pair05,3767,1735,1830,55,W,workout,
2024-09-20,trial-pair05,3768,1730,1735,5,R,walk,
2024-09-20,trial-pair05,3769,1555,1730,95,GOD,ministry,
2024-09-20,trial-pair05,3770,1540,1555,15,S,josiah,
2024-09-20,trial-pair05,3771,1535,1540,5,R,walk,
2024-09-20,trial-pair05,3772,1455,1535,40,W,workout,
2024-09-20,trial-pair05,3773,1450,1455,5,W,stretch,
2024-09-20,trial-pair05,3774,1435,1450,15,R,walk,
2024-09-20,trial-pair05,3775,1320,1435,75,GOD,ignite Bible study,
2024-09-20,trial-pair05,3776,1305,1320,15,R,poop,
2024-09-20,trial-pair05,3777,1300,1305,5,GOD,pray,
2024-09-20,trial-pair05,3778,1250,1300,10,R,walk,
2024-09-20,trial-pair05,3779,1240,1250,10,R,drive,
2024-09-20,trial-pair05,3780,1230,1240,10,P,notes,
2024-09-20,trial-pair05,3781,1225,1230,5,R,drive,
2024-09-20,trial-pair05,3782,1215,1225,10,F,GW,
2024-09-20,trial-pair05,3783,1205,1215,10,F,drive to GW,
2024-09-20,trial-pair05,3784,1155,1205,10,R,walk,
2024-09-20,trial-pair05,3785,1140,1155,15,P,hw STAT 3160,
2024-09-20,trial-pair05,3786,1110,1140,30,S,hershel,
2024-09-20,trial-pair05,3787,1105,1110,5,R,walk,
2024-09-20,trial-pair05,3788,1005,1105,60,P,STAT 3160,
2024-09-20,trial-pair05,3789,0950,1005,15,R,walk,
2024-09-20,trial-pair05,3790,0935,0950,15,R,drive,
2024-09-20,trial-pair05,3791,0930,0935,5,R,ready,
2024-09-20,trial-pair05,3792,0920,0930,10,R,poop,
2024-09-20,trial-pair05,3793,0915,0920,5,R,ready,
2024-09-20,trial-pair05,3794,0910,0915,5,S,stretch,
2024-09-20,trial-pair05,3795,0900,0910,10,R,laundry,
2024-09-20,trial-pair05,3796,0845,0900,15,E,eat,
2024-09-20,trial-pair05,3797,0835,0845,10,P,school,
2024-09-20,trial-pair05,3798,0810,0835,25,GOD,qt,
2024-09-20,trial-pair05,3799,0805,0810,5,R,br,
2024-09-20,trial-pair05,3800,0800,0805,5,F,sit in bed,
2024-09-19,trial-pair05,3804,2330,2340,10,R,laundry,
2024-09-19,trial-pair05,3805,2315,2330,15,P,hw ITSC 2181,
2024-09-19,trial-pair05,3806,2310,2315,5,R,ready,
2024-09-19,trial-pair05,3807,2300,2310,10,R,laundry,
2024-09-19,trial-pair05,3808,2250,2300,10,R,shower,
2024-09-19,trial-pair05,3809,2225,2250,25,E,eat,
2024-09-19,trial-pair05,3810,2210,2225,15,R,drive,
2024-09-19,trial-pair05,3811,2200,2210,10,R,walk,
2024-09-19,trial-pair05,3812,2100,2200,60,S,foosball,
2024-09-19,trial-pair05,3813,2035,2100,25,S,Table Tennins,
2024-09-19,trial-pair05,3814,2025,2035,10,P,hw ITSC 2181,
2024-09-19,trial-pair05,3815,2020,2025,5,P,notes,
2024-09-19,trial-pair05,3816,2010,2020,10,P,business,
2024-09-19,trial-pair05,3817,2000,2010,10,S,talk,
2024-09-19,trial-pair05,3818,1955,2000,5,R,walk,
2024-09-19,trial-pair05,3819,1920,1955,35,S,tennis,
2024-09-19,trial-pair05,3820,1915,1920,5,R,walk,
2024-09-19,trial-pair05,3821,1855,1915,20,P,hw ITSC 2181,
2024-09-19,trial-pair05,3822,1850,1855,5,R,walk,
2024-09-19,trial-pair05,3823,1845,1850,5,R,br,
2024-09-19,trial-pair05,3824,1835,1845,10,E,eat,
2024-09-19,trial-pair05,3825,1830,1835,5,R,walk,
2024-09-19,trial-pair05,3826,1755,1830,35,P,research,
2024-09-19,trial-pair05,3827,1655,1755,60,P,research,
2024-09-19,trial-pair05,3828,1600,1655,55,P,ITSC 2600,
2024-09-19,trial-pair05,3829,1555,1600,5,S,comm,
2024-09-19,trial-pair05,3830,1530,1555,25,P,research,
2024-09-19,trial-pair05,3831,1520,1530,10,R,walk,
2024-09-19,trial-pair05,3832,1510,1520,10,E,eat,
2024-09-19,trial-pair05,3833,1505,1510,5,R,walk,
2024-09-19,trial-pair05,3834,1455,1505,10,R,shower,
2024-09-19,trial-pair05,3835,1405,1455,50,P,tm research,
2024-09-19,trial-pair05,3836,1350,1405,15,R,poop,
2024-09-19,trial-pair05,3837,1330,1350,20,P,tm research,
2024-09-19,trial-pair05,3838,1325,1330,5,P,tm notes,
2024-09-19,trial-pair05,3839,1320,1325,5,R,br,
2024-09-19,trial-pair05,3840,1315,1320,5,W,stretch,
2024-09-19,trial-pair05,3841,1310,1315,5,R,walk,
2024-09-19,trial-pair05,3842,1305,1310,5,E,eat,
2024-09-19,trial-pair05,3843,1300,1305,5,R,walk,
2024-09-19,trial-pair05,3844,1255,1300,5,R,br,
2024-09-19,trial-pair05,3845,1130,1255,85,P,ITSC 2181,
2024-09-19,trial-pair05,3846,1110,1130,20,R,walk,
2024-09-19,trial-pair05,3847,1055,1110,15,R,drive,
2024-09-19,trial-pair05,3848,1050,1055,5,R,ready,
2024-09-19,trial-pair05,3849,1045,1050,5,E,eat,
2024-09-19,trial-pair05,3850,0955,1045,50,P,tm research,
2024-09-19,trial-pair05,3851,0930,0955,25,R,poop,
2024-09-19,trial-pair05,3852,0905,0930,25,P,research,
2024-09-19,trial-pair05,3853,0845,0905,20,E,eat,
2024-09-19,trial-pair05,3854,0825,0845,20,F,nap,
2024-09-19,trial-pair05,3855,0820,0825,5,P,research,
2024-09-19,trial-pair05,3856,0800,0820,20,F,nap,
2024-09-19,trial-pair05,3857,0755,0800,5,P,research,
2024-09-19,trial-pair05,3858,0750,0755,5,F,mentally distracted.!.,
2024-09-19,trial-pair05,3859,0740,0750,10,P,research,
2024-09-19,trial-pair05,3860,0735,0740,5,P,notes,
2024-09-19,trial-pair05,3861,0725,0735,10,R,ready,
2024-09-19,trial-pair05,3862,0705,0725,20,GOD,qt,
2024-09-19,trial-pair05,3863,0700,0705,5,F,slow.?.ly,
2024-09-19,trial-pair05,3864,0655,0700,5,R,ready,
2024-09-19,trial-pair05,3865,0645,0655,10,F,sit in bed.!.,
2024-09-18,trial-pair05,3869,2345,2355,10,P,notes,
2024-09-18,trial-pair05,3870,2335,2345,10,F,dawdle...,
2024-09-18,trial-pair05,3871,2325,2335,10,R,shower,
2024-09-18,trial-pair05,3872,2310,2325,15,R,poop,
2024-09-18,trial-pair05,3873,2305,2310,5,F,think,
2024-09-18,trial-pair05,3874,2255,2305,10,P,notes,
2024-09-18,trial-pair05,3875,2250,2255,5,F,think,
2024-09-18,trial-pair05,3876,2245,2250,5,S,comm,
2024-09-18,trial-pair05,3877,2205,2245,40,P,tm research,
2024-09-18,trial-pair05,3878,2155,2205,10,P,tm notes,
2024-09-18,trial-pair05,3879,2145,2155,10,S,comm,
2024-09-18,trial-pair05,3880,2100,2145,45,P,tm research,
2024-09-18,trial-pair05,3881,2055,2100,5,F,tm dawdle…!,
2024-09-18,trial-pair05,3882,2050,2055,5,P,tm notes,
2024-09-18,trial-pair05,3883,2020,2050,30,F,dawdle...,
2024-09-18,trial-pair05,3884,2015,2020,5,E,eat,
2024-09-18,trial-pair05,3885,2010,2015,5,P,notes,
2024-09-18,trial-pair05,3886,1945,2010,25,F,music,
2024-09-18,trial-pair05,3887,1855,1945,50,E,eat,
2024-09-18,trial-pair05,3888,1830,1855,25,R,drive,
2024-09-18,trial-pair05,3889,1815,1830,15,R,walk,
2024-09-18,trial-pair05,3890,1810,1815,5,E,eat,
2024-09-18,trial-pair05,3891,1805,1810,5,R,walk,
2024-09-18,trial-pair05,3892,1735,1805,30,W,workout,
2024-09-18,trial-pair05,3893,1730,1735,5,F,dawdle in gym..!.!,
2024-09-18,trial-pair05,3894,1725,1730,5,R,walk,
2024-09-18,trial-pair05,3895,1550,1725,95,P,ITSC 3153,
2024-09-18,trial-pair05,3896,1530,1550,20,R,br,
2024-09-18,trial-pair05,3897,1425,1530,65,P,ITSC 2181,
2024-09-18,trial-pair05,3898,1420,1425,5,R,br,
2024-09-18,trial-pair05,3899,1415,1420,5,R,walk,
2024-09-18,trial-pair05,3900,1345,1415,30,S,rama,
2024-09-18,trial-pair05,3901,1335,1345,10,R,walk,
2024-09-18,trial-pair05,3902,1215,1335,80,GOD,ignite prayer,
2024-09-18,trial-pair05,3903,1210,1215,5,R,walk,
2024-09-18,trial-pair05,3904,1140,1210,30,P,hw STAT 3160,
2024-09-18,trial-pair05,3905,1125,1140,15,P,hw STAT 3160,
2024-09-18,trial-pair05,3906,1110,1125,15,S,Jacob hershel,
2024-09-18,trial-pair05,3907,1100,1110,10,R,walk,
2024-09-18,trial-pair05,3908,0955,1100,65,P,STAT 3160,
2024-09-18,trial-pair05,3909,0950,0955,5,R,walk,
2024-09-18,trial-pair05,3910,0900,0950,50,GOD,ignite prayer,
2024-09-18,trial-pair05,3911,0850,0900,10,R,walk,
2024-09-18,trial-pair05,3912,0835,0850,15,R,walk,
2024-09-18,trial-pair05,3913,0830,0835,5,R,ready,
2024-09-18,trial-pair05,3914,0825,0830,5,R,clean,
2024-09-18,trial-pair05,3915,0810,0825,15,E,eat,
2024-09-18,trial-pair05,3916,0805,0810,5,R,ready,
2024-09-18,trial-pair05,3917,0750,0805,15,GOD,qt,
2024-09-18,trial-pair05,3918,0745,0750,5,F,sit in bed…,
2024-09-17,trial-pair05,3922,2345,2350,5,P,research,
2024-09-17,trial-pair05,3923,2340,2345,5,S,comm,
2024-09-17,trial-pair05,3924,2335,2340,5,P,notes,
2024-09-17,trial-pair05,3925,2325,2335,10,R,ready,
2024-09-17,trial-pair05,3926,2320,2325,5,R,shower,
2024-09-17,trial-pair05,3927,2315,2320,5,F,pull self together…,
2024-09-17,trial-pair05,3928,2245,2315,30,F,nap,
2024-09-17,trial-pair05,3929,2200,2245,45,F,dawdle,
2024-09-17,trial-pair05,3930,2150,2200,10,P,research,
2024-09-17,trial-pair05,3931,2135,2150,15,F,think,
2024-09-17,trial-pair05,3932,2120,2135,15,P,tm research,
2024-09-17,trial-pair05,3933,2100,2120,20,F,tm think…,
2024-09-17,trial-pair05,3934,2055,2100,5,P,tm notes,
2024-09-17,trial-pair05,3935,2045,2055,10,R,ready,
2024-09-17,trial-pair05,3936,2040,2045,5,S,Dan,
2024-09-17,trial-pair05,3937,2030,2040,10,R,clean,
2024-09-17,trial-pair05,3938,1930,2030,60,E,eat,
2024-09-17,trial-pair05,3939,1915,1930,15,R,drive,
2024-09-17,trial-pair05,3940,1900,1915,15,R,walk,
2024-09-17,trial-pair05,3941,1825,1900,35,S,yusif,
2024-09-17,trial-pair05,3942,1820,1825,5,R,walk,
2024-09-17,trial-pair05,3943,1815,1820,5,W,exercise,
2024-09-17,trial-pair05,3944,1800,1815,15,P,tm research,
2024-09-17,trial-pair05,3945,1750,1800,10,P,business,
2024-09-17,trial-pair05,3946,1745,1750,5,F,bd presents for CJ walker,
2024-09-17,trial-pair05,3947,1725,1745,20,P,tm research,
2024-09-17,trial-pair05,3948,1710,1725,15,P,tm notes,
2024-09-17,trial-pair05,3949,1705,1710,5,R,walk,
2024-09-17,trial-pair05,3950,1610,1705,55,P,ITSC 2600,
2024-09-17,trial-pair05,3951,1555,1610,15,R,walk,
2024-09-17,trial-pair05,3952,1535,1555,20,R,walk,
2024-09-17,trial-pair05,3953,1530,1535,5,R,shop,
2024-09-17,trial-pair05,3954,1500,1530,30,S,volunteer,
2024-09-17,trial-pair05,3955,1440,1500,20,R,walk,
2024-09-17,trial-pair05,3956,1435,1440,5,R,walk,
2024-09-17,trial-pair05,3957,1340,1435,55,W,workout,
2024-09-17,trial-pair05,3958,1310,1340,30,R,poop,
2024-09-17,trial-pair05,3959,1305,1310,5,R,walk,
2024-09-17,trial-pair05,3960,1300,1305,5,S,comm,
2024-09-17,trial-pair05,3961,1255,1300,5,E,eat,
2024-09-17,trial-pair05,3962,1250,1255,5,S,latina org,
2024-09-17,trial-pair05,3963,1245,1250,5,R,walk,
2024-09-17,trial-pair05,3964,1120,1245,85,P,ITSC 2181,
2024-09-17,trial-pair05,3965,1055,1120,25,P,hw ITSC 2181,
2024-09-17,trial-pair05,3966,1045,1055,10,R,walk,
2024-09-17,trial-pair05,3967,0925,1045,80,P,school,
2024-09-17,trial-pair05,3968,0910,0925,15,R,walk,
2024-09-17,trial-pair05,3969,0855,0910,15,R,drive,
2024-09-17,trial-pair05,3970,0845,0855,10,R,ready,
2024-09-17,trial-pair05,3971,0830,0845,15,E,eat,
2024-09-17,trial-pair05,3972,0810,0830,20,R,poop,
2024-09-17,trial-pair05,3973,0805,0810,5,F,sit in bed.!.,
2024-09-16,trial-pair05,3977,2330,0015,45,F,music,
2024-09-16,trial-pair05,3978,2255,2330,35,P,school,
2024-09-16,trial-pair05,3979,2250,2255,5,F,notes,
2024-09-16,trial-pair05,3980,2235,2250,15,R,ready,
2024-09-16,trial-pair05,3981,2230,2235,5,R,shower,
2024-09-16,trial-pair05,3982,2150,2230,40,F,nap,
2024-09-16,trial-pair05,3983,2135,2150,15,P,school,
2024-09-16,trial-pair05,3984,2120,2135,15,F,article,
2024-09-16,trial-pair05,3985,2115,2120,5,F,dawdle...,
2024-09-16,trial-pair05,3986,2105,2115,10,R,ready,
2024-09-16,trial-pair05,3987,2040,2105,25,E,eat,
2024-09-16,trial-pair05,3988,2020,2040,20,R,drive,
2024-09-16,trial-pair05,3989,1940,2020,40,R,walk,
2024-09-16,trial-pair05,3990,1935,1940,5,S,catch gym bros,
2024-09-16,trial-pair05,3991,1830,1935,65,W,workout,
2024-09-16,trial-pair05,3992,1730,1830,60,S,comm,
2024-09-16,trial-pair05,3993,1725,1730,5,W,stretch,
2024-09-16,trial-pair05,3994,1720,1725,5,S,meet Darrel,
2024-09-16,trial-pair05,3995,1715,1720,5,R,walk,
2024-09-16,trial-pair05,3996,1555,1715,80,P,ITSC 2181,
2024-09-16,trial-pair05,3997,1550,1555,5,P,school,
2024-09-16,trial-pair05,3998,1545,1550,5,S,comm,
2024-09-16,trial-pair05,3999,1540,1545,5,R,walk,
2024-09-16,trial-pair05,4000,1510,1540,30,R,poop,
2024-09-16,trial-pair05,4001,1500,1510,10,R,walk,
2024-09-16,trial-pair05,4002,1410,1500,50,S,tareq,
2024-09-16,trial-pair05,4003,1340,1410,30,E,eat,
2024-09-16,trial-pair05,4004,1310,1340,30,GOD,ignite evangelism,
2024-09-16,trial-pair05,4005,1305,1310,5,R,walk,
2024-09-16,trial-pair05,4006,1300,1305,5,E,eat,
2024-09-16,trial-pair05,4007,1155,1300,65,P,hw STAT 3160,
2024-09-16,trial-pair05,4008,1150,1155,5,P,school,
2024-09-16,trial-pair05,4009,1125,1150,25,P,hw STAT 3160,
2024-09-16,trial-pair05,4010,1105,1125,20,P,research,
2024-09-16,trial-pair05,4011,1050,1105,15,R,walk,
2024-09-16,trial-pair05,4012,1025,1050,25,R,walk,
2024-09-16,trial-pair05,4013,0820,1025,125,P,business,
2024-09-16,trial-pair05,4014,0810,0820,10,E,eat,
2024-09-16,trial-pair05,4015,0750,0810,20,P,work,
2024-09-16,trial-pair05,4016,0745,0750,5,P,work,
2024-09-15,trial-pair05,4020,2350,2355,5,R,ready,
2024-09-15,trial-pair05,4021,2345,2350,5,F,tired...,
2024-09-15,trial-pair05,4022,2320,2345,25,P,research,
2024-09-15,trial-pair05,4023,2300,2320,20,F,music,
2024-09-15,trial-pair05,4024,2255,2300,5,F,notes,
2024-09-15,trial-pair05,4025,2240,2255,15,F,dance,
2024-09-15,trial-pair05,4026,2230,2240,10,E,eat,
2024-09-15,trial-pair05,4027,2215,2230,15,P,work,
2024-09-15,trial-pair05,4028,2145,2215,30,R,drive,
2024-09-15,trial-pair05,4029,2110,2145,35,S,others,
2024-09-15,trial-pair05,4030,1825,2110,165,GOD,ignite,
2024-09-15,trial-pair05,4031,1815,1825,10,S,Talk to Kelly,
2024-09-15,trial-pair05,4032,1745,1815,30,R,drive,
2024-09-15,trial-pair05,4033,1730,1745,15,P,school,
2024-09-15,trial-pair05,4034,1715,1730,15,F,notes,
2024-09-15,trial-pair05,4035,1710,1715,5,F,dressup,
2024-09-15,trial-pair05,4036,1705,1710,5,R,ready,
2024-09-15,trial-pair05,4037,1700,1705,5,E,eat,
2024-09-15,trial-pair05,4038,1655,1700,5,R,ready,
2024-09-15,trial-pair05,4039,1635,1655,20,P,work,
2024-09-15,trial-pair05,4040,1620,1635,15,R,shower,
2024-09-15,trial-pair05,4041,1545,1620,35,P,work,
2024-09-15,trial-pair05,4042,1530,1545,15,F,yt,
2024-09-15,trial-pair05,4043,1515,1530,15,P,work,
2024-09-15,trial-pair05,4044,1510,1515,5,R,ready,
2024-09-15,trial-pair05,4045,1455,1510,15,R,poop,
2024-09-15,trial-pair05,4046,1445,1455,10,F,dawdle,
2024-09-15,trial-pair05,4047,1435,1445,10,P,work,
2024-09-15,trial-pair05,4048,1420,1435,15,F,dance..,
2024-09-15,trial-pair05,4049,1415,1420,5,E,eat,
2024-09-15,trial-pair05,4050,1320,1415,55,P,work,
2024-09-15,trial-pair05,4051,1245,1320,35,P,work,
2024-09-15,trial-pair05,4052,1220,1245,25,P,work,
2024-09-15,trial-pair05,4053,1200,1220,20,P,school,
2024-09-15,trial-pair05,4054,1150,1200,10,F,notes,
2024-09-15,trial-pair05,4055,1120,1150,30,P,hw ITSC 2181,
2024-09-15,trial-pair05,4056,1115,1120,5,F,notes,
2024-09-15,trial-pair05,4057,1030,1115,45,E,eat,
2024-09-15,trial-pair05,4058,1025,1030,5,F,dawdle…,
2024-09-15,trial-pair05,4059,1015,1025,10,P,hw ITSC 2181,
2024-09-15,trial-pair05,4060,0950,1015,25,E,eat,
2024-09-15,trial-pair05,4061,0840,0950,70,F,yt,
2024-09-15,trial-pair05,4062,0835,0840,5,F,notes,
2024-09-15,trial-pair05,4063,0825,0835,10,E,eat,
2024-09-15,trial-pair05,4064,0815,0825,10,GOD,journal,
2024-09-15,trial-pair05,4065,0800,0815,15,P,work,
2024-09-15,trial-pair05,4066,0755,0800,5,F,nap,
2024-09-14,trial-pair05,4070,2310,2325,15,GOD,journal,
2024-09-14,trial-pair05,4071,2305,2310,5,F,words,
2024-09-14,trial-pair05,4072,2250,2305,15,R,ready,
2024-09-14,trial-pair05,4073,2245,2250,5,R,shower,
2024-09-14,trial-pair05,4074,2225,2245,20,R,poop,
2024-09-14,trial-pair05,4075,2200,2225,25,F,yt,
2024-09-14,trial-pair05,4076,2145,2200,15,F,Game Theory Study…,
2024-09-14,trial-pair05,4077,2045,2145,60,F,yt,
2024-09-14,trial-pair05,4078,2015,2045,30,F,Game Theory Study…,
2024-09-14,trial-pair05,4079,1950,2015,25,E,eat,
2024-09-14,trial-pair05,4080,1945,1950,5,P,hw ITSC 2181,
2024-09-14,trial-pair05,4081,1940,1945,5,GOD,journal,
2024-09-14,trial-pair05,4082,1935,1940,5,S,comm,
2024-09-14,trial-pair05,4083,1925,1935,10,F,notes,
2024-09-14,trial-pair05,4084,1915,1925,10,P,hw ITSC 2181,
2024-09-14,trial-pair05,4085,1910,1915,5,S,comm,
2024-09-14,trial-pair05,4086,1825,1910,45,P,work,
2024-09-14,trial-pair05,4087,1740,1825,45,P,hw ITSC 2181,
2024-09-14,trial-pair05,4088,1730,1740,10,F,podcast,
2024-09-14,trial-pair05,4089,1720,1730,10,E,eat,
2024-09-14,trial-pair05,4090,1710,1720,10,P,hw ITSC 2181,
2024-09-14,trial-pair05,4091,1700,1710,10,F,podcast,
2024-09-14,trial-pair05,4092,1635,1700,25,E,eat,
2024-09-14,trial-pair05,4093,1615,1635,20,P,work,
2024-09-14,trial-pair05,4094,1610,1615,5,R,cut,
2024-09-14,trial-pair05,4095,1555,1610,15,F,nap,
2024-09-14,trial-pair05,4096,1540,1555,15,P,work,
2024-09-14,trial-pair05,4097,1530,1540,10,E,eat,
2024-09-14,trial-pair05,4098,1515,1530,15,R,poop,
2024-09-14,trial-pair05,4099,1500,1515,15,E,eat,
2024-09-14,trial-pair05,4100,1400,1500,60,P,work,
2024-09-14,trial-pair05,4101,1340,1400,20,E,eat,
2024-09-14,trial-pair05,4102,1320,1340,20,S,dad,
2024-09-14,trial-pair05,4103,1235,1320,45,P,work,
2024-09-14,trial-pair05,4104,1210,1235,25,R,drive,
2024-09-14,trial-pair05,4105,1205,1210,5,F,get food,
2024-09-14,trial-pair05,4106,1200,1205,5,R,walk,
2024-09-14,trial-pair05,4107,1110,1200,50,W,workout,
2024-09-14,trial-pair05,4108,1105,1110,5,W,stretch,
2024-09-14,trial-pair05,4109,1100,1105,5,R,walk,
2024-09-14,trial-pair05,4110,1040,1100,20,F,score leftovers,
2024-09-14,trial-pair05,4111,1025,1040,15,R,drive,
2024-09-14,trial-pair05,4112,1020,1025,5,R,clean,
2024-09-14,trial-pair05,4113,1010,1020,10,GOD,qt,
2024-09-14,trial-pair05,4114,1005,1010,5,F,dressup,
2024-09-14,trial-pair05,4115,0930,1005,35,R,ready,
2024-09-14,trial-pair05,4116,0910,0930,20,E,eat,
2024-09-14,trial-pair05,4117,0905,0910,5,R,ready,
2024-09-14,trial-pair05,4118,0840,0905,25,R,poop,
2024-09-13,trial-pair05,4122,2355,0005,10,F,think,
2024-09-13,trial-pair05,4123,2335,2355,20,P,notes,
2024-09-13,trial-pair05,4124,2330,2335,5,S,comm,
2024-09-13,trial-pair05,4125,2325,2330,5,R,ready,
2024-09-13,trial-pair05,4126,2320,2325,5,R,shower,
2024-09-13,trial-pair05,4127,2305,2320,15,P,tm hw ITSC 2181,
2024-09-13,trial-pair05,4128,2300,2305,5,F,music,
2024-09-13,trial-pair05,4129,2215,2300,45,P,tm hw ITSC 2181,
2024-09-13,trial-pair05,4130,2205,2215,10,GOD,journal,
2024-09-13,trial-pair05,4131,2150,2205,15,F,notes,
2024-09-13,trial-pair05,4132,2145,2150,5,S,comm,
2024-09-13,trial-pair05,4133,1945,2145,120,F,music,
2024-09-13,trial-pair05,4134,1940,1945,5,R,ready,
2024-09-13,trial-pair05,4135,1845,1940,55,E,eat,
2024-09-13,trial-pair05,4136,1820,1845,25,R,drive,
2024-09-13,trial-pair05,4137,1810,1820,10,R,walk,
2024-09-13,trial-pair05,4138,1700,1810,70,S,Talk with Amariah,
2024-09-13,trial-pair05,4139,1645,1700,15,R,walk,
2024-09-13,trial-pair05,4140,1530,1645,75,W,workout,
2024-09-13,trial-pair05,4141,1515,1530,15,P,school,
2024-09-13,trial-pair05,4142,1510,1515,5,R,br,
2024-09-13,trial-pair05,4143,1455,1510,15,R,walk,
2024-09-13,trial-pair05,4144,1445,1455,10,S,Talked w Bible study dudes,
2024-09-13,trial-pair05,4145,1310,1445,95,GOD,ignite Bible study,
2024-09-13,trial-pair05,4146,1250,1310,20,R,walk,
2024-09-13,trial-pair05,4147,1245,1250,5,F,dawdle walk,
2024-09-13,trial-pair05,4148,1230,1245,15,S,"Yoshi, Bya, Obed, Julian",
2024-09-13,trial-pair05,4149,1215,1230,15,R,walk,
2024-09-13,trial-pair05,4150,1210,1215,5,F,dawdle,
2024-09-13,trial-pair05,4151,1155,1210,15,R,drive,
2024-09-13,trial-pair05,4152,1145,1155,10,P,school,
2024-09-13,trial-pair05,4153,1130,1145,15,F,music,
2024-09-13,trial-pair05,4154,1125,1130,5,S,comm,
2024-09-13,trial-pair05,4155,1120,1125,5,F,notes,
2024-09-13,trial-pair05,4156,1105,1120,15,R,ready,
2024-09-13,trial-pair05,4157,1055,1105,10,E,eat,
2024-09-13,trial-pair05,4158,1045,1055,10,S,comm,
2024-09-13,trial-pair05,4159,1040,1045,5,F,think,
2024-09-13,trial-pair05,4160,1035,1040,5,F,survey,
2024-09-13,trial-pair05,4161,1030,1035,5,P,school,
2024-09-13,trial-pair05,4162,1020,1030,10,R,ready,
2024-09-13,trial-pair05,4163,0955,1020,25,E,eat,
2024-09-13,trial-pair05,4164,0945,0955,10,S,comm,
2024-09-13,trial-pair05,4165,0915,0945,30,GOD,qt,
2024-09-13,trial-pair05,4166,0910,0915,5,R,ready,
2024-09-13,trial-pair05,4167,0905,0910,5,P,business,
2024-09-13,trial-pair05,4168,0855,0905,10,P,business,
2024-09-13,trial-pair05,4169,0845,0855,10,F,sit in bed,
2024-09-12,trial-pair05,4173,2300,2310,10,GOD,journal,
2024-09-12,trial-pair05,4174,2250,2300,10,R,ready,
2024-09-12,trial-pair05,4175,2245,2250,5,R,shower,
2024-09-12,trial-pair05,4176,2105,2245,100,P,tm hw ITSC 2181,
2024-09-12,trial-pair05,4177,2055,2105,10,GOD,journal,
2024-09-12,trial-pair05,4178,1955,2055,60,E,eat,
2024-09-12,trial-pair05,4179,1940,1955,15,R,drive,
2024-09-12,trial-pair05,4180,1930,1940,10,R,walk,
2024-09-12,trial-pair05,4181,1925,1930,5,S,met Mya,
2024-09-12,trial-pair05,4182,1915,1925,10,GOD,ministry,
2024-09-12,trial-pair05,4183,1905,1915,10,F,dawdle,
2024-09-12,trial-pair05,4184,1845,1905,20,R,walk,
2024-09-12,trial-pair05,4185,1835,1845,10,F,organize notes,
2024-09-12,trial-pair05,4186,1820,1835,15,P,research,
2024-09-12,trial-pair05,4187,1815,1820,5,R,walk,
2024-09-12,trial-pair05,4188,1805,1815,10,S,comm,
2024-09-12,trial-pair05,4189,1730,1805,35,P,research,
2024-09-12,trial-pair05,4190,1655,1730,35,P,research,
2024-09-12,trial-pair05,4191,1600,1655,55,P,ITSC 2600,
2024-09-12,trial-pair05,4192,1555,1600,5,P,research,
2024-09-12,trial-pair05,4193,1545,1555,10,E,eat,
2024-09-12,trial-pair05,4194,1535,1545,10,R,walk,
2024-09-12,trial-pair05,4195,1520,1535,15,R,poop,
2024-09-12,trial-pair05,4196,1500,1520,20,P,research,
2024-09-12,trial-pair05,4197,1455,1500,5,F,dawdle,
2024-09-12,trial-pair05,4198,1450,1455,5,E,eat,
2024-09-12,trial-pair05,4199,1440,1450,10,R,walk,
2024-09-12,trial-pair05,4200,1410,1440,30,S,Dudes in EA comm,
2024-09-12,trial-pair05,4201,1355,1410,15,P,school,
2024-09-12,trial-pair05,4202,1325,1355,30,P,research,
2024-09-12,trial-pair05,4203,1315,1325,10,R,walk,
2024-09-12,trial-pair05,4204,1310,1315,5,P,research,
2024-09-12,trial-pair05,4205,1305,1310,5,E,eat,
2024-09-12,trial-pair05,4206,1250,1305,15,R,walk,
2024-09-12,trial-pair05,4207,1130,1250,80,P,ITSC 2181,
2024-09-12,trial-pair05,4208,1115,1130,15,R,walk,
2024-09-12,trial-pair05,4209,1105,1115,10,R,drive,
2024-09-12,trial-pair05,4210,1100,1105,5,R,ready,
2024-09-12,trial-pair05,4211,1050,1100,10,P,research,
2024-09-12,trial-pair05,4212,1040,1050,10,R,ready,
2024-09-12,trial-pair05,4213,1035,1040,5,GOD,qt,
2024-09-12,trial-pair05,4214,1025,1035,10,R,ready,
2024-09-12,trial-pair05,4215,1020,1025,5,F,think,
2024-09-12,trial-pair05,4216,0925,1020,55,P,research,
2024-09-12,trial-pair05,4217,0915,0925,10,F,dawdle,
2024-09-12,trial-pair05,4218,0855,0915,20,R,poop,
2024-09-12,trial-pair05,4219,0845,0855,10,E,eat,
2024-09-12,trial-pair05,4220,0805,0845,40,GOD,qt,
2024-09-12,trial-pair05,4221,0800,0805,5,F,sit in bed...,
